,LACode,LAName,English region,2010,2011,2012,2013,2014,2015,2016,2017,2018,2019,x2010,x2011,x2012,x2013,x2014,x2015,x2016,x2017,x2018,x2019,Cluster_5,geography,UnpaidCare_person_per,LimitedAlot_person_per,NoCentralHeating_per_hh,HouseholdSize_hh,AverageRooms_hh,SocialRent_hh_per,PrivateRent_hh_per,Ethnicity_per,Deprivation_hh_per
86,E07000066,Basildon,East of England,13,9.9,6.1,7,6.3,5.66,7.8,8.4,7.8,11.82,3,2,1,1,1,1,1,3,2,4,1,Basildon,10.10504479,8.192690992,1.180820939,2.4,5.3,21.96134495,10.23836362,7.346831178,5.590685399
104,E07000084,Basingstoke and Deane,South East,8.4,7.2,5.7,5.9,6.9,7.89,7.1,6.5,6.1,6.27,1,1,1,1,1,2,1,1,1,1,1,Basingstoke and Deane,9.078123231,5.557840035,1.338815552,2.4,5.8,17.81144053,11.78965592,7.098373649,2.901247926
33,E06000036,Bracknell Forest,South East,7.3,5.8,4.9,5.6,5.8,6.94,6.5,5.8,5.2,5.35,1,1,1,1,1,1,1,1,1,1,1,Bracknell Forest,8.545558942,5.212667285,1.19665199,2.4,5.7,16.73569031,12.49836523,9.408595027,3.025415232
280,E09000007,Camden,London,10.1,8.9,8.8,9.9,13.1,9.93,8.9,11.7,11.9,13.72,1,2,4,6,9,4,3,8,9,6,1,Camden,7.854296581,7.048716064,3.49211557,2.2,4,33.11153034,32.22876125,33.71320426,8.736440626
186,E07000177,Cherwell,South East,9.7,8.3,6.6,7.2,8.3,9.27,8,7.8,7.4,7.22,1,1,1,1,3,3,2,2,2,2,1,Cherwell,9.412975442,6.1310514,2.131222677,2.4,5.7,12.11394726,16.22831759,7.829108749,3.44626992
274,E09000001,City of London,London,4.6,3.4,2.4,3.9,5.7,4.85,4.9,4.2,5.5,6.36,1,1,1,1,1,1,1,1,1,1,1,City of London,7.810169492,4.447457627,4.310148233,1.6,3.4,16.5336374,35.8722919,21.36949153,3.215507412
224,E07000226,Croydon,London,11.3,9.8,5.8,6.7,6.8,8.46,7.7,6.9,6.6,16.43,2,2,1,1,1,3,1,1,1,9,1,Crawley,9.289192004,6.567727047,1.661712734,2.5,5.2,23.85845016,14.54349709,20.0915598,4.877477941
105,E07000085,East Hampshire,South East,10.6,10.2,6.6,6.5,7.2,7.75,7.5,7.2,7,5.97,2,3,1,1,1,2,1,1,1,1,1,East Hampshire,10.06072244,6.402671095,1.728807821,2.4,6.1,12.02124508,11.67421389,3.436613383,2.626010411
106,E07000086,Eastleigh,South East,9,7.8,5.8,6.4,6.1,8.19,7.8,7.2,6.3,6.04,1,1,1,1,1,2,1,1,1,1,1,Eastleigh,10.16062429,6.612672625,2.112041704,2.4,5.6,12.28702302,12.33876996,5.321128763,2.978323783
205,E07000207,Elmbridge,South East,9.7,9.5,7.4,7,7.3,6.31,7.8,7.7,5.8,5.29,1,2,2,1,2,1,1,1,1,1,1,Elmbridge,8.887106017,5.117096466,1.377498961,2.4,6.1,9.859793659,15.12792411,9.74364852,2.405426855
206,E07000208,Epsom and Ewell,South East,11.1,10.3,8,7.9,7.4,7.53,8.5,7.7,6.6,6.47,2,3,3,3,2,2,2,1,1,1,1,Epsom and Ewell,9.757396607,5.589731299,1.685468708,2.5,5.7,8.024442654,13.30244427,14.11413811,2.605425732
107,E07000087,Fareham,South East,9.7,8.4,5.2,5.9,5.6,7.55,7.2,6.8,5.9,5.35,1,1,1,1,1,2,1,1,1,1,1,Fareham,10.64607774,6.764592538,2.314347667,2.4,5.9,8.125979519,9.972305116,3.24607236,2.546211812
108,E07000088,Gosport,South East,10.8,8.7,6.7,7.6,7.6,9.75,8.5,8.2,7.2,7.7,2,1,1,2,2,4,2,2,2,2,1,Gosport,9.895669434,7.752172545,3.703076489,2.3,5.3,16.41264465,16.30539091,3.554743289,4.744566751
109,E07000089,Hart,South East,7.7,7.4,5.5,6.1,6.3,7.51,7,6.7,5.5,4.77,1,1,1,1,1,2,1,1,1,1,1,Hart,8.783627915,4.5291268,1.109546607,2.5,6.3,7.654181921,12.06983948,5.138795821,1.624894396
110,E07000090,Havant,South East,11.6,9.6,6.7,7.4,6.8,9.04,9,8.6,7.8,7.45,2,2,1,2,1,3,3,3,2,2,1,Havant,10.86970932,8.822213384,3.621055914,2.3,5.5,19.56110775,9.914053517,2.918365318,5.741458946
225,E07000227,Horsham,South East,10.4,10.2,6.8,6.8,7.6,7.66,7.6,7.3,7.2,5.98,1,3,2,1,2,2,1,1,2,1,1,Horsham,10.38986756,5.983960518,2.031935619,2.3,5.9,11.55617865,11.79833585,3.990068621,2.738379185
57,E07000011,Huntingdonshire,East of England,11.3,10,6.3,7,6.7,6.09,8.3,8.1,8.4,11.35,2,2,1,1,1,1,2,2,3,4,1,Huntingdonshire,9.748802416,6.284659131,1.863470497,2.4,6,12.89285045,14.0914139,5.201524412,3.057707008
297,E09000024,Merton,London,9.7,8.3,8.6,9.9,10.6,10.16,9.4,11.1,11.2,14.7,1,1,4,6,6,5,4,7,8,7,1,Merton,8.176050237,5.628139194,3.151465901,2.5,5,14.09652475,24.76351308,35.09737447,4.87194789
226,E07000228,Mid Sussex,South East,10.6,10.2,6.7,6.9,7.6,8.06,7.8,7.5,6.5,5.78,2,3,1,1,2,2,1,1,1,1,1,Mid Sussex,9.997139997,5.78006578,1.565956557,2.4,5.8,10.61157658,12.75409779,4.892034892,2.368966538
39,E06000042,Milton Keynes,South East,7.9,6.2,5.4,6.3,6,7.93,7.5,6.9,5.9,6.33,1,1,1,1,1,2,1,1,1,1,1,Milton Keynes,8.760112691,6.350750138,1.251724418,2.5,5.5,18.01813682,17.31112554,19.98504949,4.666071573
208,E07000210,Mole Valley,South East,12,11.5,7.7,7.3,7.6,7.68,8.1,7.9,6.8,6.16,3,3,3,2,2,2,2,2,1,1,1,Mole Valley,10.4374817,6.106002928,1.836552417,2.3,6,12.20553757,11.91805292,4.927672035,3.114882215
111,E07000091,New Forest,South East,12.7,11.9,6.6,6.9,6.8,8.14,8.5,8,7.6,6.16,3,4,1,1,1,2,2,2,2,1,1,New Forest,11.75720552,8.26863574,2.233240932,2.3,5.8,10.98400552,12.09411887,2.437918645,3.081768373
209,E07000211,Reigate and Banstead,South East,10,8.9,6.9,7,7.2,7.52,7.9,7.4,6,6.13,1,1,2,1,1,2,1,1,1,1,1,Reigate and Banstead,9.507744767,6.107302209,1.441639752,2.4,5.8,11.917435,12.93506306,9.399644502,2.702848998
95,E07000075,Rochford,East of England,15.1,13.3,6.5,7.2,6.2,5.48,7.6,8.6,8.5,10,5,4,1,1,1,1,1,3,3,3,1,Rochford,11.31148919,7.152376721,1.513526397,2.5,5.7,7.588487665,8.473364319,2.821568792,3.179001311
210,E07000212,Runnymede,South East,10.3,8.9,7.3,7.6,7.5,8.27,8.1,7.8,6.4,6.27,1,1,2,2,2,2,2,2,1,1,1,Runnymede,9.193888958,5.88374115,2.005257688,2.4,5.5,12.86910803,15.2044996,11.02595951,3.11181757
112,E07000092,Rushmoor,South East,8.7,7.1,6.6,7,7.1,9.03,8,7.5,6.4,7.71,1,1,1,1,1,3,2,1,1,2,1,Rushmoor,8.261643587,5.596597269,1.661897425,2.5,5.2,16.30805635,17.55172793,15.2302067,4.292317852
24,E06000025,South Gloucestershire,South West,10.7,9.9,6.7,9.1,9.5,8.76,7.5,8.2,6.7,7.97,2,2,1,4,4,3,1,2,1,2,1,South Gloucestershire,10.5184441,6.790045934,1.711952984,2.4,5.7,9.887667615,13.57659618,5.020797893,3.089140583
188,E07000179,South Oxfordshire,South East,10.8,10.2,7.1,7.4,8.3,8.52,7.9,7.7,7.3,6.4,2,3,2,2,3,3,1,2,2,1,1,South Oxfordshire,9.873600632,5.616839345,1.959189709,2.4,6.1,11.39102469,13.3280349,3.920838392,2.317758391
211,E07000213,Spelthorne,South East,10.5,8.7,6.4,7.1,7,7.68,7.5,7.1,6,6.6,2,1,1,1,1,2,1,1,1,1,1,Spelthorne,10.29728655,6.421682462,2.012046973,2.4,5.2,12.42913545,12.66450699,12.70214858,3.573597894
237,E07000243,Stevenage,East of England,12.4,8.8,6.3,7.3,7.1,6.43,7.7,8,7.4,12.04,3,1,1,2,1,1,1,2,2,5,1,Stevenage,10.18378456,7.107209643,0.939881942,2.4,5.2,28.37411886,11.40466502,12.33845897,4.510287122
212,E07000214,Surrey Heath,South East,8.7,8,6.2,6.6,6.6,7.64,7.7,7.2,5.6,5.08,1,1,1,1,1,2,1,1,1,1,1,Surrey Heath,9.163725854,5.158803863,0.998628749,2.5,6.3,9.208251356,12.14153699,9.811478455,2.164192452
302,E09000029,Sutton,London,10.1,8.6,7.4,7.7,8.1,7.53,8.6,9.1,8.4,12.86,1,1,2,2,3,2,3,4,3,5,1,Sutton,9.623131699,6.375101238,3.047048891,2.4,5.1,14.61099598,15.89914805,21.40302715,4.542430987
213,E07000215,Tandridge,South East,11.5,10.9,7.5,7,7,7.59,7.9,7.6,6.5,5.87,2,3,2,1,1,2,1,1,1,1,1,Tandridge,10.28338032,6.433889973,1.685561754,2.4,6,10.82718493,10.99514126,6.166413649,2.750284926
113,E07000093,Test Valley,South East,10.1,9.2,6.6,6.6,8.4,8.31,7.6,7.3,6.9,6.43,1,2,1,1,3,2,1,1,1,1,1,Test Valley,10.40825444,6.405608344,1.488682652,2.4,6,14.39129887,12.86692143,4.083403495,2.771595347
130,E07000115,Tonbridge and Malling,South East,10.1,9,7.2,7.3,7.5,8.31,8.1,7.9,7.3,6.95,1,2,2,2,2,2,2,2,2,2,1,Tonbridge and Malling,10.00041389,6.273746948,2.039883673,2.5,5.8,16.12380557,10.1142501,4.083440255,3.442044038
303,E09000030,Tower Hamlets,London,8,6,7.3,7.6,8.1,10.56,9.2,11.2,9.5,14.19,1,1,2,2,2,5,3,7,4,7,1,Tower Hamlets,7.617593351,6.791921164,3.05756639,2.5,3.9,39.60812586,32.55478634,54.81274794,10.7913527
189,E07000180,Vale of White Horse,South East,10.5,9.7,6.9,7.1,8,8.36,7.9,7.4,6.9,6.49,2,2,2,1,2,2,1,1,1,1,1,Vale of White Horse,10.28035838,5.819585413,1.681947902,2.4,6.1,13.32402291,13.62762362,5.094720138,2.570485964
305,E09000032,Wandsworth,London,9,7.3,7,8.3,10.7,9.84,7.2,9.8,10.1,13.15,1,1,2,3,7,4,1,5,6,6,1,Wandsworth,6.509878011,5.248945423,2.946518204,2.3,4.5,20.3198639,31.66223476,28.59297383,5.274612431
34,E06000037,West Berkshire,South East,9.6,8.7,6.6,6.6,8.3,8.39,7.5,7.2,6.6,6.29,1,1,1,1,3,2,1,1,1,1,1,West Berkshire,9.288658319,5.371143269,1.883221046,2.4,6,13.84023099,13.72313122,5.180013262,2.932306705
190,E07000181,West Oxfordshire,South East,11,10.4,6.9,6.9,8.5,8.67,7.6,7.3,7.4,6.85,2,3,2,1,3,3,1,1,2,1,1,West Oxfordshire,9.885568673,5.924851354,1.40376032,2.4,5.9,12.45808376,14.85395805,3.159029958,2.347309267
306,E09000033,Westminster,London,9.5,8.3,8.4,9.9,12.9,9.36,9.3,11.4,11.7,13.56,1,1,4,6,9,4,3,7,8,6,1,Westminster,7.237141972,6.985542125,4.409484552,2,3.9,25.85561396,39.65983436,38.31701581,8.904057785
114,E07000094,Winchester,South East,11.2,10.7,7.6,7.5,8.6,8.66,8.4,8.1,7.8,6.54,2,3,2,2,3,3,2,2,2,1,1,Winchester,9.9249539,5.88532956,1.670756428,2.4,6.1,15.45503041,14.09153953,4.303786612,2.513602902
37,E06000040,Windsor and Maidenhead,South East,10.1,9.2,7.4,7.6,8.2,8.19,8.1,7.8,6.1,5.91,1,2,2,2,3,2,2,2,1,1,1,Windsor and Maidenhead,9.155368013,5.500830105,1.701828652,2.4,5.9,13.27871943,16.16480145,13.87313226,2.563882843
215,E07000217,Woking,South East,9.3,8.2,6.8,6.9,6.6,7.74,8,7.5,6.1,5.96,1,1,2,1,1,2,2,1,1,1,1,Woking,9.276396702,5.530353435,2.265183571,2.5,5.7,11.91881825,15.67385411,16.40355652,3.339498822
38,E06000041,Wokingham,South East,7.8,7.2,5.6,6.2,6.1,7.07,7.1,6.7,5.4,4.67,1,1,1,1,1,1,1,1,1,1,1,Wokingham,9.005052468,4.703977199,1.246436385,2.5,6.3,7.021149639,11.19638003,11.56561731,1.801697275
221,E07000223,Adur,South East,13.6,11.3,6.8,7.3,6.8,8.63,8.5,8.5,7.7,7.77,4,3,2,2,1,3,2,3,2,2,2,Adur,11.35791573,9.139943121,3.212523649,2.2,5.1,13.06896168,11.42189413,4.11722402,4.822495085
222,E07000224,Arun,South East,13.4,12.1,6.7,7.5,7.2,8.83,8.8,8.6,7.9,7.17,4,4,1,2,1,3,3,3,2,2,2,Arun,11.07157667,9.352720074,2.621953048,2.2,5.4,8.823793962,15.30746859,2.942789497,4.314454472
121,E07000105,Ashford,South East,12.4,11.1,7.6,7.6,8.3,9.46,8.9,8.4,8.5,7.64,3,3,3,2,3,4,3,3,3,2,2,Ashford,10.01983791,7.134863848,1.828949296,2.4,5.8,14.47046268,14.3323498,6.304045576,3.777177894
22,E06000022,Bath and North East Somerset,South West,13.6,13.7,9.5,12.1,13.2,12.39,9.6,10.9,9.1,10.25,4,5,5,9,9,8,4,7,4,3,2,Bath and North East Somerset,9.990569039,6.969252795,2.309732708,2.3,5.7,14.43786982,16.93123852,5.421666212,3.557097191
277,E09000004,Bexley,London,11.8,10,7.6,8.2,8.5,7.64,8.2,9.8,9,12.84,3,2,3,3,3,2,2,5,4,5,2,Bexley,10.13892421,7.352250245,2.556045095,2.5,5.3,14.44538033,11.39907563,18.11876878,4.720098484
144,E07000129,Blaby,East Midlands,14,14.2,9.6,8,7.2,10.02,9.1,7,8.4,9.66,4,5,5,3,1,4,3,1,3,2,2,Blaby,11.23569185,6.882819571,1.328646022,2.4,5.9,7.620327767,10.01912837,9.012404834,2.429819573
87,E07000067,Braintree,East of England,14.9,12.8,8.1,8.2,8.4,7.71,8.8,9,9.3,13.07,4,4,3,3,3,2,3,4,4,5,2,Braintree,10.08267385,7.271355144,1.867535999,2.4,5.7,16.47199515,13.24148551,3.397378369,3.97916223
88,E07000068,Brentwood,East of England,15,13.7,7.7,7.7,7,6.26,8.1,8.4,7.5,10.15,5,5,3,2,1,1,2,3,2,3,2,Brentwood,10.59224739,6.819200826,1.501011551,2.4,5.7,11.70136396,11.26411277,6.430619149,3.298962344
40,E06000043,Brighton and Hove,South East,13.5,12.2,10.7,11.9,12.3,12.7,11.4,11.7,11.2,10.48,4,4,6,9,9,8,7,8,8,3,2,Brighton and Hove,8.767270612,7.478902143,4.447918381,2.2,4.6,14.96379793,29.58614448,10.92186751,6.380615435
159,E07000144,Broadland,East of England,16.3,15,6.7,7.1,7.2,6.57,8.9,8.8,9.5,11.39,5,5,1,1,2,1,3,3,4,4,2,Broadland,11.50698779,8.094122555,1.454927254,2.3,6,8.562696865,10.34760762,2.28727757,2.514249288
279,E09000006,Bromley,London,11,10.1,7.1,7.6,8.5,6.91,8.1,9.1,8.6,11.89,2,2,2,2,3,1,2,4,3,4,2,Bromley,10.02353002,6.616848529,1.997524109,2.3,5.5,14.07971757,13.29110055,15.68301701,4.166985068
115,E07000095,Broxbourne,East of England,12.9,10.2,6.3,7.5,6.6,5.99,7.4,8.1,7.5,10.56,3,3,1,2,1,1,1,2,2,3,2,Broxbourne,9.690307556,6.832676345,2.055340167,2.5,5.2,14.0660683,11.15035318,9.698853743,4.947155983
89,E07000069,Castle Point,East of England,16.8,14.3,6.6,7.6,6.4,5.64,9.3,10,9,11.44,6,5,1,2,1,1,3,5,4,4,2,Castle Point,11.24518526,9.084091761,1.706915477,2.4,5.5,5.348518112,10.88913282,3.110974765,4.445664105
52,E06000056,Central Bedfordshire UA,East of England,12.6,10.9,7.2,7.7,7.3,6.67,8,8.4,8.4,11.58,3,3,2,2,2,1,2,3,3,4,2,Central Bedfordshire,10.1560258,6.079463482,1.682966312,2.4,5.7,13.39189073,12.08057548,6.155727039,3.088152185
90,E07000070,Chelmsford,East of England,13,11.5,7.2,7.4,6.9,6.17,7.9,8.1,7.9,10.59,3,3,2,2,1,1,2,2,2,3,2,Chelmsford,9.951874517,6.05192799,2.157405945,2.4,5.7,13.09084646,11.98415319,6.135701978,3.292807211
98,E07000078,Cheltenham,South West,13.4,13,8.9,11,11.4,10.6,9.6,10.4,8.1,11,4,4,4,8,8,5,4,6,2,4,2,Cheltenham,9.101199323,6.551342757,2.982583597,2.2,5.4,12.22682558,21.45143239,5.74430581,3.834750339
223,E07000225,Chichester,South East,14.7,14.3,8.7,8.3,9.5,9.34,9.3,9.3,9.5,7.54,4,5,4,3,4,4,3,4,4,2,2,Chichester,10.97333779,7.318487794,2.607928101,2.2,5.9,14.85917188,14.89126946,3.051127476,3.009147809
133,E07000118,Chorley,North West,16.8,14.8,8.2,8.2,8.7,9.81,10.6,9.8,10,11.87,6,5,3,3,3,4,5,5,5,4,2,Chorley,11.49549718,8.983248565,2.682606469,2.3,5.7,13.00785859,10.21171442,3.100181979,4.579353948
91,E07000071,Colchester,East of England,14.3,12.8,8.3,8.4,7.8,7.12,9.5,10.1,9.4,12.8,4,4,3,3,2,1,4,5,4,5,2,Colchester,9.573939471,7.014918474,1.80919675,2.3,5.5,13.49778038,18.69224111,7.954978795,4.303822207
116,E07000096,Darlington,North East,20.7,19.2,7.5,7.8,7.3,6.69,8,8.4,7.4,13.98,9,9,2,3,2,1,2,3,2,7,2,Dacorum,10.26876635,6.337721872,1.561613667,2.4,5.6,21.76415629,11.85725249,9.189006331,3.655443959
123,E07000107,Daventry,East Midlands,13.9,15.6,7.1,7.5,7.2,8.68,8.2,7.7,6.8,11.23,4,6,2,2,2,3,2,2,1,4,2,Dartford,9.468494839,6.800184871,2.519897208,2.4,5.1,14.83745416,15.93024126,12.62774097,4.441006961
55,E07000009,East Cambridgeshire,East of England,13.7,12.5,7.2,7.3,8,7.35,8.5,8.3,9.9,13.66,4,4,2,2,2,1,2,2,5,6,2,East Cambridgeshire,9.889283925,6.469970651,1.727624661,2.4,5.9,14.283238,13.22008436,3.752177337,2.9872306
236,E07000242,East Hertfordshire,East of England,12.7,11.7,7.5,7.3,7.5,6.9,7.6,7.8,7.3,10.4,3,4,2,2,2,1,1,2,2,3,2,East Hertfordshire,9.295721455,5.345457451,1.758665182,2.4,5.8,12.69950687,13.16082507,4.525481709,2.755536702
81,E07000061,Eastbourne,South East,12.5,11.1,7.9,8.5,8.6,9.52,9.4,9.7,8.5,8.47,3,3,3,3,3,4,4,5,3,2,2,Eastbourne,10.58021164,9.678912003,2.919221541,2.2,5,13.22536213,23.31378299,5.938920855,5.929529903
92,E07000072,Epping Forest,East of England,15.8,13.6,8.2,8.3,7.8,7.15,8.1,9,8.2,11.26,5,5,3,3,2,1,2,4,2,4,2,Epping Forest,10.27523083,7.084125494,1.865707526,2.4,5.6,15.00836683,11.04421919,9.457800881,4.050701083
56,E07000010,Fenland,East of England,19.2,16,8.2,7.9,7.5,6.96,10.8,10.1,10.8,15.81,7,6,3,3,2,1,6,5,7,9,2,Fenland,11.12090865,9.947303227,2.023633678,2.3,5.6,12.44214673,15.61053668,2.761856774,5.741014279
134,E07000119,Fylde,North West,18,17.7,8.1,8.1,8.8,8.54,9.7,10.2,9.7,11.19,6,8,3,3,3,3,4,6,5,4,2,Fylde,12.12693216,10.36075874,2.479575749,2.1,5.7,7.473125985,17.38856242,2.525179191,4.133581769
101,E07000081,Gloucester,South West,13.5,12.2,8.8,10.7,9.6,8.8,9.4,10.3,7.9,10.42,4,4,4,7,5,3,4,6,2,3,2,Gloucester,9.963184538,7.630168957,3.272243512,2.4,5.4,13.33121538,17.38379366,10.86877917,5.214145305
207,E07000209,Guildford,South East,10.9,10.1,8,7.8,8,8.96,9.1,8.5,7.1,6.86,2,2,3,3,2,3,3,3,1,2,2,Guildford,9.16731665,5.172652588,1.686028199,2.4,5.8,12.79899209,15.78937617,9.09442132,2.71802568
146,E07000131,Harborough,East Midlands,14.9,17.1,10.6,7.9,8.4,9.9,8.8,6.9,8.9,9.67,5,7,6,3,3,4,3,1,3,3,2,Harborough,10.52095289,5.912253168,1.406957419,2.4,6.3,8.375838157,11.23846639,4.762127849,2.080348444
93,E07000073,Harlow,East of England,13.2,9,6.4,7.3,7.1,6.44,7.9,8.1,7.5,13.33,4,2,1,2,1,1,2,2,2,6,2,Harlow,9.837205897,7.829737382,1.031195841,2.4,4.9,31.21894858,10.8492201,10.91599141,5.748122473
289,E09000016,Havering,London,12.5,10.1,6.9,7.5,8.4,7.81,8,9.9,9,13.16,3,3,2,2,3,2,2,5,4,6,2,Havering,10.62841438,8.205469751,2.002078211,2.4,5.3,14.19664811,10.63488307,12.343613,4.80766263
117,E07000098,Hertsmere,East of England,13.6,12.3,8,8.2,7.3,6.69,8.5,9,7.6,10.57,4,4,3,3,2,1,3,4,2,3,2,Hertsmere,9.851945897,6.752906599,1.463120318,2.5,5.4,17.42671829,12.52199708,14.96336136,3.793554226
83,E07000063,Lewes,South East,13.3,12.2,7.2,7.7,8.2,8.48,8.8,8.8,8,7.07,4,4,2,2,3,3,3,3,2,2,2,Lewes,11.79565547,8.688026912,2.278276949,2.3,5.5,10.92672056,14.48045328,3.428647617,4.046845736
126,E07000110,Maidstone,South East,12.5,10.8,7.9,7.8,8.1,9.69,8.8,8.5,8,7.74,3,3,3,3,2,4,3,3,2,2,2,Maidstone,10.03010126,6.871080229,2.211294466,2.4,5.6,12.71297303,14.58855423,5.895850925,3.921383202
94,E07000074,Maldon,East of England,15.3,14.3,7.9,8.3,9.1,8.47,9,9,10.7,12.13,5,5,3,3,4,3,3,4,7,5,2,Maldon,11.61952977,7.629525061,2.43637913,2.4,6.1,10.40012395,9.656427935,1.947135277,3.823062323
118,E07000099,North Hertfordshire,East of England,13.9,12.1,8.4,8.2,8,7.34,8.5,8.8,7.8,12.11,4,4,4,3,2,1,3,3,2,5,2,North Hertfordshire,10.07363469,6.30693708,1.671470819,2.4,5.6,19.28648972,13.08913263,10.50946395,3.170740838
300,E09000027,Richmond upon Thames,London,10,9.5,7.6,7.7,9.5,7.38,6.9,9.4,9.9,10.61,1,2,3,2,5,1,1,4,5,3,2,Richmond upon Thames,8.45071929,4.886357559,2.574058997,2.3,5.2,12.58971629,21.84505543,14.04620568,3.148994802
185,E07000176,Rushcliffe,East Midlands,14.8,16.9,11.5,8.7,8.6,9.98,10,7.7,8.8,9.86,4,7,8,4,3,4,5,2,3,3,2,Rushcliffe,10.61019176,6.78490763,1.411585033,2.4,6.2,8.408421512,13.26933566,6.861395315,2.299552744
178,E07000169,Selby,Yorkshire and the Humber,14.9,14.6,7,6.9,9.4,9.17,8.8,7.1,8.3,13.19,4,5,2,1,4,3,3,1,3,6,2,Selby,10.51540462,7.213986986,1.866373448,2.4,5.9,12.04027894,10.98411412,1.644117964,3.249515322
127,E07000111,Sevenoaks,South East,11.9,11.2,7.9,7.7,8.7,7.97,8.2,8.2,7.3,6.67,3,3,3,2,3,2,2,2,2,1,2,Sevenoaks,10.39662991,6.283237447,1.811994896,2.4,6,13.22415993,10.75499787,4.233504217,3.075287112
58,E07000012,South Cambridgeshire,East of England,12.8,12.4,7.3,7.1,7.9,7.24,8,8,8.3,10.31,3,4,2,1,2,1,2,2,3,3,2,South Cambridgeshire,10.07764445,5.560149239,1.514342895,2.4,6.2,14.25283522,11.9646431,6.700951229,2.136424283
170,E07000155,South Northamptonshire,East Midlands,13.5,15.4,10.1,8.1,9.5,10.32,9,6.8,9.7,10.49,4,6,6,3,5,5,3,1,5,3,2,South Northamptonshire,10.27480074,5.750742467,1.797390328,2.4,6.3,10.09591843,11.06086355,3.071992863,2.082553216
141,E07000126,South Ribble,North West,16.6,14.9,7.9,7.9,7.8,9.93,10.5,9.5,9.3,10.75,6,5,3,3,2,4,5,5,4,3,2,South Ribble,11.45456046,8.460713205,3.101817709,2.3,5.8,10.50930545,9.344496985,2.943414911,3.700490217
301,E09000028,Southwark,London,9.2,7.3,6.4,8,8.9,8.75,8.8,9.1,9.9,14.64,1,1,1,3,4,3,3,4,5,7,2,Southwark,7.18911625,6.583114509,3.241932537,2.3,4.2,43.71626447,23.66095896,45.76544576,8.539137367
234,E07000240,St. Albans,East of England,13.4,12.5,8,7.9,7.2,6.59,7.8,8.3,6.9,9.29,4,4,3,3,2,1,1,3,1,2,2,St Albans,9.50776318,5.414320651,1.353758461,2.5,5.8,12.16957606,13.58033488,11.57652278,2.499109369
128,E07000113,Swale,South East,13.2,11,8.3,8.8,8.7,10.28,10,9.8,9.2,9.09,4,3,3,4,3,5,4,5,4,2,2,Swale,10.49655832,8.644311113,2.874876316,2.4,5.5,14.28802735,15.19474678,3.445356499,6.194117118
27,E06000030,Swindon,South West,11.7,10,7.6,9.8,9.8,8.98,8.8,9.1,6.8,9.63,3,2,3,5,5,3,3,4,1,2,2,Swindon,9.313622368,6.998603913,2.180851064,2.4,5.4,16.27659574,16.03553644,10.16370556,4.799683115
103,E07000083,Tewkesbury,South West,12.7,12.7,7.5,9.1,9.4,8.52,8.4,8.8,7.4,8.38,3,4,2,4,4,3,2,3,2,2,2,Tewkesbury,10.64398423,6.919444004,2.690314866,2.3,5.9,11.92848602,12.38683596,2.49197613,2.878209873
119,E07000102,Three Rivers,East of England,14.1,12.7,8.4,8,7.1,6.36,8.1,8.8,7.4,10.69,4,4,4,3,1,1,2,3,2,3,2,Three Rivers,10.14120962,6.186653229,1.509627435,2.5,5.7,15.14754472,10.56169534,13.76936908,3.375299077
31,E06000034,Thurrock,East of England,14.3,10.6,7.5,8.7,7.4,6.76,8.6,9.1,8.7,13.36,4,3,2,4,2,1,3,4,3,6,2,Thurrock,9.261596018,7.229320567,2.662261639,2.5,5.1,18.44819014,14.06828861,14.125107,5.765560599
131,E07000116,Tunbridge Wells,South East,13.2,12.7,9.2,8.6,9.8,9.7,9.5,9,8.5,8.14,4,4,5,4,5,4,4,4,3,2,2,Tunbridge Wells,9.16044468,6.060026597,2.545893925,2.4,5.7,15.15241447,16.94789503,5.050022164,3.739347946
7,E06000007,Warrington,North West,16.7,14.3,8.3,8,8.4,9.83,10.1,9.8,9.1,11.57,6,5,3,3,3,4,5,5,4,4,2,Warrington,10.80117491,8.376683743,2.243363871,2.3,5.6,15.64247122,11.21564482,4.072630892,4.750998356
120,E07000103,Watford,East of England,15.2,12.3,10.3,10.2,8.6,7.98,10.3,10.2,8.5,13.73,5,4,6,6,3,2,5,6,3,6,2,Watford,8.927918849,6.056411335,2.663504267,2.4,5,16.32180148,20.094872,28.07831585,4.672718846
214,E07000216,Waverley,South East,12.1,11.8,7.8,7.4,7.8,7.85,8.3,8,6.8,6.21,3,4,3,2,2,2,2,2,1,1,2,Waverley,9.874806699,5.744743855,1.195211039,2.4,6.2,12.31331169,11.31696429,3.993518244,2.319399351
85,E07000065,Wealden,South East,15.2,14.8,7.8,7.4,8,8.53,8.5,8.3,8.5,6.7,5,5,3,2,2,3,3,3,3,1,2,Wealden,11.20572138,7.331699292,1.991192801,2.3,6.1,7.671197907,11.12547067,2.512842897,2.761822707
235,E07000241,Welwyn Hatfield,East of England,13.8,11.3,8.7,8.6,8,7.38,9.2,9.9,8.3,12.01,4,3,4,4,2,1,3,5,3,5,2,Welwyn Hatfield,9.381643823,6.264079251,1.123518217,2.4,5.5,26.92087222,13.55329833,15.92165377,3.521885676
50,E06000054,Wiltshire UA,South West,12.8,12.7,7.9,10,12.6,11.76,9,9.3,8.2,9.82,3,4,3,6,9,7,3,4,3,3,2,Wiltshire,10.10826339,6.668634191,2.101506741,2.4,6,14.72290596,15.43199069,3.399287869,3.196803197
227,E07000229,Worthing,South East,13.1,11.8,7.8,8.3,8.1,9.19,9.3,9,7.9,8.2,3,4,3,3,3,3,4,4,2,2,2,Worthing,10.39659786,8.897171254,3.54136553,2.2,5.1,9.980018706,19.34784457,6.21559633,4.986820849
202,E07000200,Babergh,East of England,18.3,17.2,9.1,8.9,10.3,9.62,9.8,9.9,11,13.42,7,7,4,4,6,4,4,5,7,6,3,Babergh,11.07362662,7.217916572,2.060124727,2.3,6,13.09098662,12.5632962,2.159790289,2.888971803
276,E09000003,Barnet,London,11.3,10.6,9.7,9.7,10.1,9.2,9.7,12.4,11.8,13.23,2,3,5,5,5,3,4,9,9,6,3,Barnet,9.06881864,6.586959084,2.171929721,2.6,5.1,14.22496248,25.64377998,35.86925412,5.60419671
253,E08000016,Barnsley,Yorkshire and the Humber,20.3,18.4,9.7,9.2,11.3,11.34,12.2,10.7,9.7,18.64,8,8,5,5,7,6,8,6,5,10,3,Barnsley,11.74936533,12.60568893,0.925208966,2.3,5.3,20.87874998,12.76232454,2.134754196,7.770961145
51,E06000055,Bedford,East of England,15.1,13.7,9.9,10.1,9.2,8.47,10.1,11.1,10.1,13.92,5,5,5,6,4,3,5,7,6,6,3,Bedford,10.21342528,7.099994285,2.016862032,2.4,5.7,16.06594371,15.84341503,19.45211743,4.644894377
23,E06000023,"Bristol, City of",South West,15,13.6,11.1,13.2,13.6,12.85,10.8,11.7,9.8,13.76,5,5,7,10,10,9,6,8,5,6,3,"Bristol, City of",9.37291294,8.072689231,2.838350288,2.3,5,20.29198838,23.54511976,16.0290869,6.385330539
228,E07000234,Bromsgrove,West Midlands,17.7,14.4,10.9,9.8,9.1,10.58,10,9,8.4,11.67,6,5,7,5,4,5,4,4,3,4,3,Bromsgrove,11.96215171,8.100430385,1.663619744,2.4,6.2,9.973883521,8.801253591,4.208806348,2.940715592
181,E07000172,Broxtowe,East Midlands,16.5,16.9,12,9.7,9.1,11.9,11.8,8.6,9.6,12.35,6,7,8,5,4,7,7,3,5,5,3,Broxtowe,11.2186835,8.653082101,1.768475011,2.3,5.6,11.14480991,14.0837249,7.260222675,4.066638189
194,E07000192,Cannock Chase,West Midlands,19,13.9,11.1,10.2,9.1,10.51,12.5,10.8,9.9,16.06,7,5,7,6,4,5,8,6,5,9,3,Cannock Chase,12.12472553,10.38763826,1.603383828,2.4,5.5,16.91914224,12.14341924,2.263446266,6.0299036
122,E07000106,Canterbury,South East,14,12.7,8.9,9.4,9.3,10.92,10.6,10.6,10.1,8.72,4,4,4,5,4,6,5,6,6,2,3,Canterbury,10.30996725,8.221906117,2.186898356,2.3,5.5,12.19167037,19.54221586,6.963511859,4.40999819
145,E07000130,Charnwood,East Midlands,15.7,16.3,12.6,9.7,8.9,12.51,10.8,8.8,10.1,11.83,5,6,9,5,4,8,6,3,6,4,3,Charnwood,10.31125828,6.708609272,1.943893199,2.4,5.7,11.80317518,14.12592459,12.6345575,3.566059294
45,E06000049,Cheshire East UA,North West,18.2,17.1,9.5,8.8,10.1,10.01,10.8,10.5,9.8,10.89,7,7,5,4,5,4,6,6,5,4,3,Cheshire East,10.80791188,7.890805048,2.284857722,2.3,5.9,11.37787646,12.50493913,3.292653603,3.566836635
46,E06000050,Cheshire West and Chester UA and Chester UA,North West,17.7,16.1,9.4,8.9,10,10.14,11.3,10.9,10.6,11.96,6,6,5,4,5,5,7,7,7,5,3,Cheshire West and Chester,11.26216597,8.828062426,2.113233693,2.3,5.8,14.71133044,12.53800144,2.60400233,4.593402243
165,E07000150,Corby,East Midlands,16.2,13.6,9.6,8,8.2,11.46,10.5,8.1,8.9,13.84,5,5,5,3,3,7,5,2,4,6,3,Corby,9.873479716,8.876010122,1.054927622,2.4,5.4,20.93198493,15.22506445,4.466574157,6.559587547
99,E07000079,Cotswold,South West,16.4,17.2,9.7,11.1,14.5,13.7,9.2,10.2,9.5,10.12,6,7,5,8,10,9,3,6,4,3,3,Cotswold,10.55730505,6.535876739,2.213268573,2.2,6.1,14.86919086,15.2279501,2.179027763,2.411966001
281,E09000008,Dacorum,East of England,13.4,11.3,8.8,9.9,9.7,10.04,10.7,11.5,11.2,10.98,4,3,4,6,5,4,6,8,8,4,3,Croydon,9.269410916,6.709266934,2.874284532,2.5,5.1,17.85187228,21.01372319,44.90723159,5.869250397
166,E07000151,Derby,East Midlands,18.9,18.9,10.6,8.5,10.6,10.61,9.6,7.4,10.2,15.58,7,9,6,4,6,5,4,1,6,8,3,Daventry,10.85903678,6.570918387,1.933832591,2.4,6.2,13.94128985,12.10857269,3.49421271,2.938667172
254,E08000017,Dover,South East,15.3,13.3,10,9.8,11.6,11.32,12.1,10.8,9.6,9.9,5,4,6,6,8,6,8,6,5,3,3,Doncaster,11.03299581,11.12558779,1.447579593,2.3,5.5,17.7117016,14.84263205,4.740709387,7.025227889
124,E07000108,Dudley,West Midlands,20.9,15.3,9.3,9.5,9.8,10.76,9.9,10.1,10.1,16.93,9,6,5,5,5,5,4,5,6,10,3,Dover,11.33119616,9.71846625,2.423928793,2.3,5.4,14.20823846,17.08548955,3.32037896,5.410888015
73,E07000040,East Devon,South West,17.4,18.2,9.1,11,11.3,10.49,9.6,10.3,9.7,9.47,6,8,4,8,7,5,4,6,5,2,3,East Devon,11.96161773,8.919120922,3.873305006,2.2,5.8,9.336222512,13.6124325,1.592969794,3.126745781
167,E07000152,East Northamptonshire,East Midlands,14.8,15.8,11,8.8,9.6,11.66,10.3,7.8,9.9,12.52,4,6,7,4,5,7,5,2,5,5,3,East Northamptonshire,10.29447358,6.886417334,1.923616174,2.4,6,13.28304638,12.53715439,3.368869936,3.488306881
11,E06000011,East Riding of Yorkshire,Yorkshire and the Humber,18.1,17.6,8.3,8.2,10.1,10.16,9.7,8.5,9.4,13.95,7,8,3,3,5,5,4,3,4,6,3,East Riding of Yorkshire,11.18203119,8.686661939,2.321158902,2.3,5.9,9.108451256,13.73678617,1.912148878,3.543263046
100,E07000080,Forest of Dean,South West,18.7,18,9.5,11.6,14.1,13.32,10.8,10.9,11.7,12.74,7,8,5,8,10,9,6,7,8,5,3,Forest of Dean,11.79585413,8.863971889,2.479000205,2.3,5.9,12.40085463,11.22428074,1.539756714,4.129715808
182,E07000173,Gedling,East Midlands,16.2,16.6,11,9.1,8.7,11.43,11,8.3,9.4,11.49,5,7,7,4,3,6,6,3,4,4,3,Gedling,11.83868666,8.794905895,1.651502563,2.3,5.6,9.981965187,13.14717623,6.946267053,4.263510912
125,E07000109,Gravesham,South East,12.7,10.1,8.9,9.6,9.1,10.82,10.1,10.1,8.8,9.4,3,3,4,5,4,6,5,5,3,2,3,Gravesham,10.13566654,7.66417617,2.480769706,2.5,5.3,17.3332344,16.13613317,17.19819111,5.84947194
284,E09000011,Greenwich,London,11.3,9.3,8.3,9.2,9.9,9.2,10,11.3,11.1,16.66,2,2,3,5,5,3,4,7,8,9,3,Greenwich,8.647964896,7.470625439,2.415755357,2.5,4.6,34.30352813,19.7971201,37.53776168,8.071651244
285,E09000012,Hackney,London,10.5,8.6,8.1,9.4,10.5,9.82,10.2,11.9,12.2,16.47,2,1,3,5,6,4,5,8,9,9,3,Hackney,7.287936005,7.335038779,3.012095585,2.4,4.1,43.69161176,28.95958305,45.33763755,10.68738322
6,E06000006,Halton,North West,18.1,14.9,9.2,9.2,9.7,10.77,12.8,11.8,10.9,14.03,7,5,5,5,5,5,9,8,7,7,3,Halton,11.94312344,11.57571613,2.892406963,2.3,5.4,25.21195978,9.776410564,2.151161866,8.200780312
173,E07000164,Hambleton,Yorkshire and the Humber,19.4,20.6,9.1,8.6,13.2,10.66,9.4,8.3,9.5,14.17,8,10,4,4,9,5,4,3,5,7,3,Hambleton,11.2227956,7.101189141,2.051578036,2.3,6.2,12.91549702,15.13760264,1.688355396,2.479208752
174,E07000165,Harrogate,Yorkshire and the Humber,17.3,18.2,9.1,8.6,11.7,10.39,9.4,8.2,8.3,12.87,6,8,4,4,8,5,4,2,3,5,3,Harrogate,10.25407141,6.644749761,2.580059254,2.3,5.9,9.138144084,17.52445324,3.670131565,2.73935893
290,E09000017,Hillingdon,London,11.2,9.6,9.1,9.3,9.1,9.63,10,11.5,10.1,13.83,2,2,4,5,4,4,4,8,6,6,3,Hillingdon,9.4565884,6.563941943,1.990739817,2.7,5,16.71622727,18.10226116,39.39058758,5.612988205
43,E06000046,Isle of Wight,South East,16,14.9,9.5,10,8.9,10.58,11.3,11,11.2,8.87,5,5,5,6,4,5,7,7,8,2,3,Isle of Wight,11.87574585,10.32365385,5.117459278,2.2,5.5,10.67856266,17.41671441,2.690485662,5.454694278
292,E09000019,Islington,London,10.4,8.1,7.4,8.6,11.1,9.76,8.4,10.4,11,14.76,2,1,2,4,7,4,2,6,7,7,3,Islington,7.913159491,8.025227411,2.528966608,2.1,4,42.05181923,26.95390996,31.83020012,9.658386421
168,E07000153,Kettering,East Midlands,16.5,16.7,11.9,9.5,9.4,12.43,10.8,8.5,9.5,12.82,6,7,8,5,4,8,6,3,5,5,3,Kettering,10.42203798,7.666220915,2.209012367,2.3,5.6,13.06516209,15.2338732,6.135330302,4.314752777
161,E07000146,King's Lynn and West Norfolk,East of England,21.4,18.5,9.2,8.8,10.8,10.1,11,10.7,12.2,16.96,9,8,5,4,7,5,6,6,9,10,3,King's Lynn and West Norfolk,11.80866864,9.783589125,2.224621687,2.3,5.8,13.32708767,14.73236261,2.741249635,5.097098941
294,E09000021,Kingston upon Thames,London,9.9,9.1,8.9,9.4,10,9.37,9.3,10.9,10.4,12.39,1,2,4,5,5,4,4,7,6,5,3,Kingston upon Thames,8.301886792,5.376108959,3.053159226,2.5,5.2,11.78836877,22.48935401,25.51605648,3.749273244
296,E09000023,Lewisham,London,11.2,9.1,8,10,10.5,10.2,10.7,10.9,12.1,18.23,2,2,3,6,6,5,6,7,9,10,3,Lewisham,8.163183935,7.076499266,3.256066362,2.4,4.5,31.05494827,24.30507102,46.46827482,7.722390194
196,E07000194,Lichfield,West Midlands,17.4,14.3,10.9,9.8,9.5,10.95,10.8,9.4,9.1,12.52,6,5,7,6,5,6,6,5,4,5,3,Lichfield,11.49383035,8.23514217,1.622841063,2.4,6,13.21075102,9.538133126,3.233850617,3.655637493
32,E06000035,Medway,South East,12.3,9.9,8.6,9.8,9.2,11.46,10.1,10.3,9,8.9,3,2,4,6,4,7,5,6,4,2,3,Medway,9.484891541,7.476745287,3.178638345,2.4,5.4,13.17779096,17.09177188,10.36127688,5.7659897
148,E07000133,Melton,East Midlands,16.6,18.1,12.3,9.5,11,12.82,11,8.3,10.6,12.46,6,8,9,5,7,9,6,3,7,5,3,Melton,10.46728601,6.282753692,2.266170312,2.3,6.1,11.17729176,14.21126105,2.098221375,2.815262913
75,E07000042,Mid Devon,South West,18.6,18.5,10.5,12.8,14.4,13.63,11,11.2,11,11.54,7,9,6,9,10,9,6,7,7,4,3,Mid Devon,10.87073955,7.449517685,5.57421088,2.3,5.9,12.62287075,15.54124183,1.35562701,4.008181208
71,E07000038,North East Derbyshire,East Midlands,18.6,18.6,11.9,9,8.7,11.05,11.4,8.4,10.4,13.5,7,9,8,4,3,6,7,3,6,6,3,North East Derbyshire,13.26459509,10.69852459,1.05409798,2.3,5.6,20.38774089,7.390294869,1.958130939,4.717901091
154,E07000139,North Kesteven,East Midlands,16.4,17.7,9.8,7.7,9.1,10.28,10.5,7.3,10.4,11.91,6,8,5,2,4,5,5,1,6,4,3,North Kesteven,11.31432919,8.451645231,1.281214652,2.3,6.1,10.21056295,13.45166623,1.791845294,2.801705386
13,E06000013,North Lincolnshire,Yorkshire and the Humber,18.5,17.3,8.6,8.2,10.2,10.85,11.1,9.1,9.8,16.09,7,8,4,3,6,6,6,4,5,9,3,North Lincolnshire,10.84349581,9.156981952,1.257710373,2.3,5.8,15.41367212,13.40756041,4.000095553,4.718182333
258,E08000022,North Tyneside,North East,19,16.7,9.7,9.9,9.9,11.13,11.2,9.3,7.6,12.91,7,7,5,6,5,6,7,4,2,5,3,North Tyneside,11.05970588,10.08261911,1.452434416,2.2,5.3,21.55320664,12.37745769,3.374485187,5.573142012
149,E07000134,North West Leicestershire,East Midlands,16.8,16.9,11.5,9,10,11.31,10.7,7.9,9.8,12.84,6,7,8,4,5,6,6,2,5,5,3,North West Leicestershire,11.40176317,8.384687808,1.339194439,2.4,5.9,14.30689021,11.273257,2.440407412,3.882130444
169,E07000154,Northampton,East Midlands,16.2,15.4,11.8,10.3,9.4,12.88,10.8,8.5,8.7,12.57,5,6,8,7,4,9,6,3,3,5,3,Northampton,9.281413125,7.155689893,2.526738119,2.3,5.3,17.03237876,17.82578806,15.48128204,5.591056113
217,E07000219,Nuneaton and Bedworth,West Midlands,19.5,13.9,11.9,11.1,9.8,11.25,12,10.8,9.6,16.05,8,5,8,8,5,6,8,6,5,9,3,Nuneaton and Bedworth,11.36269281,9.482483314,2.126690824,2.4,5.4,14.4808484,12.67856804,8.670520231,5.803342756
28,E06000031,Peterborough,East of England,15.6,12.6,9.6,9.7,8.5,7.75,10.6,11.4,9.5,15.21,5,4,5,5,3,2,5,7,5,8,3,Peterborough,9.63344969,7.652847286,1.54681653,2.5,5.4,19.4993448,19.13999703,17.47362918,6.149440039
230,E07000236,Redditch,West Midlands,16.5,11.9,10.4,9.7,9,10.46,10.6,9.3,8.3,14.59,6,4,6,5,4,5,6,4,3,7,3,Redditch,10.5552521,7.983233192,1.503369622,2.4,5.5,21.17101549,11.68999482,7.976108486,5.535395427
139,E07000124,Ribble Valley,North West,20,19.9,9.8,9.4,11.6,10.63,10,10.2,11.1,11.7,8,10,5,5,8,5,4,6,8,4,3,Ribble Valley,11.4489253,7.134355528,2.320648784,2.3,6,7.635683094,13.63277189,2.149408388,2.77812435
84,E07000064,Rother,South East,17.6,17.2,8.8,8.9,9,9.36,9.9,9.8,10.6,8.63,6,7,4,4,4,4,4,5,7,2,3,Rother,12.43100631,10.65372897,2.805978912,2.2,5.7,10.37747389,14.04701911,2.910981587,4.063409741
255,E08000018,Rotherham,Yorkshire and the Humber,18.2,16.7,9.8,9,10.5,10.63,11.4,10.1,9.5,17.05,7,7,5,4,6,5,7,5,5,10,3,Rotherham,12.04951803,11.29780784,1.125649857,2.4,5.4,21.50554514,11.32298487,6.421797264,6.642165237
17,E06000017,Rutland,East Midlands,15.5,18.4,11.9,9.3,10.6,11.33,10.3,8,10.9,11.74,5,8,8,5,6,6,5,2,7,4,3,Rutland,10.16618052,6.077229789,1.693107586,2.3,6.4,11.23183576,15.55125983,2.85798389,2.299693374
192,E07000188,Sedgemoor,South West,15.6,15,8.7,11,12,11.24,10.5,10.8,9.6,10.82,5,5,4,8,8,6,5,6,5,3,3,Sedgemoor,11.3441198,8.794114567,3.905657671,2.3,5.8,12.19442225,14.57552099,1.626697385,4.827769923
36,E06000039,Slough,South East,10.4,7.7,10,10.1,8.2,12.7,11,10.1,8.9,9.33,2,1,6,6,3,8,6,6,4,2,3,Slough,8.292143647,6.141721051,2.726234094,2.8,4.7,20.63585865,24.32336603,54.3147534,6.931804751
265,E08000029,Solihull,West Midlands,17.7,13.8,10.7,10.1,9.1,10.57,9.8,9.2,8.2,12.48,6,5,7,6,4,5,4,4,3,5,3,Solihull,11.66716665,8.154871924,1.797666636,2.4,5.9,14.91354467,9.879613275,10.85284071,4.428511667
77,E07000044,South Hams,South West,18.3,19.6,10.2,12.2,13.2,12.41,10.1,11.2,10.8,9.44,7,9,6,9,9,8,5,7,7,2,3,South Hams,12.30334376,8.194611499,5.024689348,2.2,5.8,11.38151826,14.26827283,1.630983883,3.244885778
156,E07000141,South Kesteven,East Midlands,16,17.1,11.4,8.9,10.3,11.61,10.6,8.2,10,12.12,5,7,7,4,6,7,5,2,5,5,3,South Kesteven,10.34547194,7.638203725,1.789202009,2.3,6.1,13.42947824,14.62925502,2.536849344,3.280203683
64,E07000031,South Lakeland,North West,23.2,23.2,11.6,10.1,11.9,10.15,10.5,10.9,12.5,11.95,10,10,8,6,8,5,5,7,9,5,3,South Lakeland,11.79648459,7.997453163,3.948272899,2.2,5.8,10.42490119,14.24858223,1.636149646,3.00524145
164,E07000149,South Norfolk,East of England,18.9,17.7,8.4,8.1,10,9.27,9.5,9.4,10.6,13.26,7,8,4,3,5,3,4,5,7,6,3,South Norfolk,11.14408283,7.449279102,1.995871916,2.3,6.1,11.29542313,11.20263591,2.444118311,2.897233426
193,E07000189,South Somerset,South West,16.1,16,9.2,11.2,13,12.17,10.2,10.5,10,11.01,5,6,5,8,9,7,5,6,6,4,3,South Somerset,10.84140087,7.875690728,3.615775313,2.3,5.8,13.95231723,13.34081524,1.930626446,3.56109984
198,E07000196,South Staffordshire,West Midlands,17.6,14.2,10.5,9.9,9.2,10.73,10.4,9.2,9.2,12.43,6,5,6,6,4,5,5,4,4,5,3,South Staffordshire,12.52369811,8.338034421,1.853434702,2.4,6,13.93000135,8.484412254,4.097807289,3.477439381
30,E06000033,Southend-on-Sea,East of England,19.1,16.9,9.2,9.8,9,8.36,10.1,11.4,9.3,14.78,7,7,5,6,4,2,5,7,4,7,3,Southend-on-Sea,10.18208202,8.79602437,2.163957256,2.3,5.1,11.51209191,22.01317657,8.427483905,6.603015614
199,E07000197,Stafford,West Midlands,20.2,16.4,12.4,11.2,11,12.5,11.5,10.1,9.9,14.27,8,7,9,8,7,8,7,6,5,7,3,Stafford,11.49240844,8.008772131,1.893973395,2.3,5.9,13.67610362,12.93646662,5.013410357,3.362475989
244,E08000007,Stockport,North West,18.5,16.5,9.7,9.2,9.8,10.24,10.7,10.7,9.8,12.15,7,7,5,5,5,5,6,6,5,5,3,Stockport,11.29008914,8.644250287,2.32581018,2.3,5.6,13.62529616,11.35605309,7.927279146,5.054968478
4,E06000004,Stockton-on-Tees,North East,18.1,16.8,10.3,11.1,10.7,12.34,13.4,11.3,9,12.97,7,7,6,8,7,8,9,7,4,5,3,Stockton-on-Tees,10.39820469,9.225510151,1.177377178,2.4,5.6,17.21219318,13.12169178,5.38124315,5.566012709
201,E07000199,Tamworth,West Midlands,16.1,11.4,10.1,10.1,9.3,10.76,11.1,9.7,8.8,14.4,5,3,6,6,4,5,6,5,3,7,3,Tamworth,10.56461797,8.519391249,1.866084701,2.4,5.5,19.31872094,10.99408546,2.671422806,5.424297055
78,E07000045,Teignbridge,South West,16.3,16.5,9.3,11.8,11.7,10.87,10.5,10.9,9.6,9.9,5,7,5,9,8,6,5,7,5,3,3,Teignbridge,12.09064563,9.285139269,5.036757217,2.2,5.7,8.912467826,15.47691795,1.655933022,4.129400219
96,E07000076,Tendring,East of England,21.5,19.2,8.6,9.4,8,7.38,10.6,11.4,10.9,15.27,9,9,4,5,2,1,6,8,7,8,3,Tendring,12.56809226,12.53404613,2.635858627,2.2,5.4,8.442154416,16.20481443,2.449148122,6.432654376
246,E08000009,Trafford,North West,18.5,16.6,11.1,10,10.4,9.88,11.1,11.4,10.4,12.79,7,7,7,6,6,4,6,7,6,5,3,Trafford,10.38362065,8.017106692,2.435332966,2.4,5.7,16.38901825,12.70162144,14.45153545,4.772236569
97,E07000077,Uttlesford,East of England,16.9,16.7,9.4,8.5,9.7,8.96,8.8,9.3,9.3,11.89,6,7,5,4,5,3,3,4,4,4,3,Uttlesford,9.985775965,5.588912805,1.465704432,2.5,6.4,12.6484864,13.11789501,3.376005438,2.474773279
272,E08000036,Wakefield,Yorkshire and the Humber,18.5,16.5,9.3,8.6,10.2,10.93,11.2,9.5,8.8,17.34,7,7,5,4,6,6,7,5,3,10,3,Wakefield,11.23905511,11.33664992,1.805375532,2.3,5.3,23.59380119,11.40698221,4.566700528,7.027077072
220,E07000222,Warwick,West Midlands,16.9,13.6,11.6,11.1,10.8,12.34,10.8,10,8.6,13.02,6,5,8,8,7,8,6,5,3,5,3,Warwick,9.769121237,6.366238521,2.096150241,2.3,5.7,13.40513642,17.91611991,10.8486865,3.134000239
171,E07000156,Wellingborough,East Midlands,16.3,15.6,11.8,10.1,9.7,12.73,11.1,8.6,9.8,13.2,6,6,8,6,5,8,6,3,5,6,3,Wellingborough,10.46631987,7.938319444,1.98396606,2.3,5.6,17.70596126,13.60077362,12.6970646,5.2001123
142,E07000127,West Lancashire,North West,19.2,17,9,8.6,10,9.81,11,10.7,11.5,13.12,7,7,4,4,5,4,6,6,8,6,3,West Lancashire,12.12991824,10.1296472,1.542495758,2.4,5.9,14.66693109,10.45371411,1.881013687,4.698001366
247,E08000010,Wigan,North West,19.8,16,9.4,9.1,9.9,10.94,12.2,11.9,10.8,14.22,8,6,5,5,5,6,8,8,7,7,3,Wigan,11.48469871,10.96338198,1.732582523,2.3,5.4,18.91909727,11.63975775,2.723305721,7.046910973
143,E07000128,Wyre,North West,20.8,19.7,8.6,9,9.3,9.82,10.8,10.9,11.1,12,9,9,4,4,4,4,6,7,8,5,3,Wyre,12.84188252,11.74581667,2.590892748,2.2,5.6,7.193164273,13.52974768,1.760573184,4.866648337
59,E07000026,Allerdale,North West,23.5,21.5,11.3,10.5,12.7,11.35,12.3,11.9,13.8,16.14,10,10,7,7,9,6,8,8,10,9,4,Allerdale,11.17379851,10.07861276,3.100720274,2.2,5.7,19.10024796,9.781556264,1.075480699,5.4764435
65,E07000032,Amber Valley,East Midlands,19.1,19.4,13.2,10.3,10.1,12.58,12.4,8.8,10.5,13.96,7,9,9,7,6,8,8,3,6,6,4,Amber Valley,11.9427025,9.446565666,2.222602479,2.3,5.6,12.32793368,11.78796867,1.86903662,4.857783862
179,E07000170,Ashfield,East Midlands,19.3,18.1,12.5,9.5,9.3,11.86,11.8,9.3,10.6,15.21,8,8,9,5,4,7,7,4,7,8,4,Ashfield,11.77268049,11.16346017,1.195735407,2.3,5.4,16.21409358,12.77021853,2.313028779,6.581453339
275,E09000002,Barking and Dagenham,London,13.5,10.3,10.1,11.1,10.6,10.03,11.6,13.2,12.3,22.47,4,3,6,8,6,4,7,9,9,10,4,Barking and Dagenham,8.71438484,8.382505608,2.916146439,2.7,4.6,33.66627919,17.69205379,41.70006078,9.655429744
180,E07000171,Bassetlaw,East Midlands,19.7,19.8,12.7,9.7,10.4,11.6,11.4,9.1,11.3,14.93,8,10,9,5,6,7,7,4,8,8,4,Bassetlaw,11.70888599,10.81133764,1.409780351,2.3,5.8,15.89988881,12.53487738,2.632395028,5.624436193
66,E07000033,Bolsover,East Midlands,20.6,19.7,12.4,9.8,9.9,11.62,11.7,9.3,10.8,16.24,9,10,9,6,5,7,7,4,7,9,4,Bolsover,12.68552448,13.03087022,0.975580013,2.3,5.4,18.18542118,13.03618792,1.863812512,7.204048657
238,E08000001,Bolton,North West,19.7,16.3,11.4,11,10.5,12.48,12.9,13.5,11.9,14.76,8,6,7,8,6,8,9,9,9,7,4,Bolton,11.07317567,10.03410577,3.035979754,2.4,5.2,20.4733138,13.68897749,18.11543936,7.354925196
158,E07000143,Breckland,East of England,19.5,17.4,8.5,8.5,10.2,9.52,10.3,10,11.3,15.07,8,8,4,4,6,4,5,5,8,8,4,Breckland,10.67123403,8.841222766,1.944276307,2.3,5.8,13.77684844,15.21304499,2.586385268,4.378290137
239,E08000002,Bury,North West,19.1,16.4,10.3,10.1,10.4,11.21,11.6,11.7,10.6,13.35,7,6,6,6,6,6,7,8,7,6,4,Bury,10.78244894,9.041932346,2.408049876,2.3,5.4,14.98214126,13.79283858,10.82243597,5.786488805
269,E08000033,Calderdale,Yorkshire and the Humber,19.5,18.8,11.6,11.7,12.2,13.55,12.2,10.7,10.2,16.7,8,9,8,8,8,9,8,6,6,9,4,Calderdale,10.48394219,8.207981317,5.486284289,2.3,5.2,15.22663928,16.41258844,10.32203939,6.184764334
54,E07000008,Cambridge,East of England,16.2,14.5,13.2,12.1,11.3,10.7,11.5,12.3,11.1,14.92,5,5,9,9,7,5,7,9,8,8,4,Cambridge,7.893143452,5.488144542,2.560260307,2.3,5.1,23.59678041,26.24052746,17.48811225,4.236417348
61,E07000028,Carlisle,North West,22.2,19.6,10.9,10.1,11.9,12.25,12.3,12.1,12,14.72,10,9,7,6,8,8,8,8,9,7,4,Carlisle,10.51393177,9.224917228,3.05117703,2.2,5.5,15.29518845,14.30226304,1.900970946,5.587274006
67,E07000034,Chesterfield,East Midlands,20,19,13,10,9.6,12.25,11.9,9.4,10.4,14.91,8,9,9,6,5,8,8,5,6,8,4,Chesterfield,12.5582919,11.51192816,1.322762629,2.2,5.2,23.14727755,12.42200188,3.484025128,6.406530473
62,E07000029,Copeland,North West,22,19.1,10.5,9.8,11.2,10.9,12.1,11.7,13.6,15.71,9,9,6,6,7,6,8,8,10,8,4,Copeland,11.30405224,10.67518377,2.842546502,2.3,5.6,18.56169767,8.72740372,1.575003895,6.464500917
172,E07000163,Crawley,South East,8.4,6.3,11.3,10.7,13.6,12.54,10.4,9.4,10.6,7.46,1,1,7,7,10,8,5,4,7,2,4,Craven,11.9312747,7.847100652,4.238701542,2.2,5.7,8.99808811,15.38461538,2.607879586,3.364113412
263,E08000027,Durham UA,North East,21.9,19.5,14.3,12.8,10.4,11.84,13.3,11.7,10.6,15.52,9,9,10,9,6,7,9,8,7,8,4,Dudley,12.13517616,9.771670528,3.639107702,2.4,5.4,19.80410728,9.243302764,10.00814892,6.512816959
282,E09000009,Ealing,London,10.9,9.3,10.8,11,11.2,11.37,10.5,13.6,12.6,14.84,2,2,7,8,7,6,5,10,9,7,4,Ealing,8.501428576,6.761727764,2.591834432,2.7,4.8,18.11060428,27.54791186,51.0065032,7.596589352
283,E09000010,Enfield,London,12,10,8.8,10.6,10.6,9.29,11.3,12.6,12.7,16.39,3,2,4,7,6,3,7,9,10,9,4,Enfield,8.840641862,7.259029782,2.970412622,2.6,4.9,17.57313453,22.17468895,38.98856196,7.80963341
69,E07000036,Erewash,East Midlands,17.5,17.1,12.6,10.4,9.4,13,12.3,9.2,10.3,13.31,6,7,9,7,4,9,8,4,6,6,4,Erewash,11.20796567,8.911412282,3.168898382,2.3,5.5,13.01035078,12.86658999,2.958574602,5.226731291
74,E07000041,Exeter,South West,13,12.5,10.7,13.1,12.3,11.52,11.6,12.4,10.4,11.86,3,4,6,9,9,7,7,9,6,4,4,Exeter,9.332359709,7.646913979,5.318630437,2.3,5.2,17.03017749,20.99021161,6.948112046,5.363307745
273,E08000037,Gateshead,North East,22.6,19.2,11,10.9,11.2,12.65,12.8,10.8,8.6,15.07,10,9,7,7,7,8,9,6,3,8,4,Gateshead,11.09812501,11.44625251,1.303362721,2.2,5,27.975189,12.47840815,3.732006753,7.370392803
160,E07000145,Great Yarmouth,East of England,20.7,17.6,10.7,11.3,10.5,9.83,12.8,13.2,12.7,16.39,9,8,6,8,6,4,9,9,10,9,4,Great Yarmouth,11.21025525,10.87410179,3.731077259,2.3,5.4,17.24137931,16.45951662,3.147712203,7.633261247
286,E09000013,Hammersmith and Fulham,London,10.7,8.9,9.2,10.3,13.6,10.66,8.4,11.7,11.3,14.16,2,2,5,7,10,5,2,8,8,7,4,Hammersmith and Fulham,6.758615399,6.286816481,3.036356868,2.2,4.2,31.1862514,31.70988956,31.9305398,7.543119494
288,E09000015,Harrow,London,11.4,10.3,11.7,11.3,10.3,11.78,11.8,13.6,11.7,14.48,2,3,8,8,6,7,7,10,8,7,4,Harrow,10.29884211,6.762850545,1.732567523,2.8,5.3,10.58883562,21.7449091,57.75425005,5.152608345
82,E07000062,Hastings,South East,14.6,13.1,10.8,11.8,11.8,11.34,11.8,13.3,11.5,10.79,4,4,7,9,8,6,7,9,8,3,4,Hastings,10.46158619,10.61559598,4.545785855,2.2,5,14.54845842,28.82237178,6.230194784,8.229062902
70,E07000037,High Peak,East Midlands,17.8,19,13.3,10.5,10.5,12.42,10.6,8.5,10.5,13.14,6,9,9,7,6,8,5,3,6,6,4,High Peak,11.34753334,8.197641157,2.259538849,2.3,5.6,12.69706773,13.43141786,2.132200854,4.495968777
147,E07000132,Hinckley and Bosworth,East Midlands,15.4,15.5,10.7,8.6,8.6,11.21,10.1,7.6,9,11.43,5,6,6,4,3,6,5,1,4,4,4,Hinckley and Bosworth,11.22404309,7.465882487,1.610948278,2.3,5.8,10.32461379,11.36258457,3.529758846,3.398197325
291,E09000018,Hounslow,London,10.7,8.8,10.5,10.1,10,11.67,10.8,12.7,11.6,15.36,2,1,6,6,5,7,6,9,8,8,4,Hounslow,8.784951783,6.458967463,2.553160102,2.7,4.7,22.8467261,23.39887463,48.61137909,6.873406251
203,E07000202,Ipswich,East of England,18.7,15.3,11.8,11.5,9.5,8.86,12.1,12.8,10.6,17.34,7,6,8,8,5,3,8,9,7,10,4,Ipswich,9.792778744,8.03544653,3.785472442,2.3,5.2,21.59063144,19.9326329,11.08678702,6.473175329
293,E09000020,Kensington and Chelsea,London,10,9.6,8.8,10.7,14.3,8.72,8.7,11.7,12.4,12.86,1,2,4,7,10,3,3,8,9,5,4,Kensington and Chelsea,6.919678031,5.882167552,4.265559743,2,4.2,24.53779159,35.7899562,29.39318874,6.607161047
10,E06000010,"Kingston upon Hull, City of",Yorkshire and the Humber,17.6,16.3,11.1,11.7,13.2,13.81,13.8,12,10.6,19.57,6,6,7,8,9,9,10,8,7,10,4,"Kingston upon Hull, City of",9.218193022,10.0122462,3.935308537,2.2,4.9,28.09513659,20.4128033,5.883247662,8.677928168
248,E08000011,Knowsley,North West,19.5,15.3,10.2,10.4,10.7,11.06,14.6,13.9,12.7,15.48,8,6,6,7,7,6,10,10,10,8,4,Knowsley,12.24527565,14.24742791,3.437535672,2.4,5.3,26.63437862,9.75164294,2.765725566,11.42475091
295,E09000022,Lambeth,London,10.5,8.3,7.5,9.2,10.8,10.05,8.9,10.3,11.2,15.78,2,1,2,5,7,4,3,6,8,8,4,Lambeth,6.756168216,6.142810951,3.269572441,2.3,4.3,35.08695017,29.32924156,42.91224273,7.648999746
271,E08000035,Leeds,Yorkshire and the Humber,17.2,16.3,11.6,11.6,11.9,13.5,13.1,11.1,10.3,16.82,6,6,8,8,8,9,9,7,6,10,4,Leeds,9.52753548,7.871747274,5.310421839,2.3,5.2,21.95192704,17.92162098,14.90355762,6.562464909
153,E07000138,Lincoln,East Midlands,19.2,19.3,15.2,11.9,11.6,14.64,13.3,10.6,11,15.36,8,9,10,9,8,10,9,6,8,8,4,Lincoln,9.556237372,8.565228082,2.508474576,2.2,5.2,21.91839297,20.95417451,4.449385831,6.264908977
183,E07000174,Mansfield,East Midlands,19.9,19.5,12.6,9.6,9.3,12.06,12,9.8,10.7,15.38,8,9,9,5,4,7,8,5,7,8,4,Mansfield,12.16472345,12.16472345,1.119569088,2.3,5.4,18.24919872,13.61066595,2.818141788,7.207086895
191,E07000187,Mendip,South West,15.7,15.7,9.1,11.2,12.4,11.62,9.9,10.7,9.4,10.52,5,6,4,8,9,7,4,6,4,3,4,Mendip,10.83282241,7.69315239,2.79697554,2.3,5.8,11.85735641,15.46027688,2.033327538,3.735078103
204,E07000203,Mid Suffolk,East of England,19.4,18.2,9.1,8.7,10.9,10.24,9.6,9.3,10.8,13.48,8,8,4,4,7,5,4,4,7,6,4,Mid Suffolk,10.82176345,6.66797614,2.133677368,2.4,6.2,11.27375577,11.20180618,2.133752365,2.724160175
184,E07000175,Newark and Sherwood,East Midlands,18.9,20.1,12.7,9.5,10.1,11.88,11.5,9.1,11.2,13.88,7,10,9,5,6,7,7,4,8,6,4,Newark and Sherwood,11.48871683,9.550850484,1.513132266,2.3,5.9,14.4547188,12.87187583,2.490049383,4.689069772
76,E07000043,North Devon,South West,19.2,19.3,11,13.6,13.9,13.13,11.6,12.6,11.7,11.54,8,9,7,10,10,9,7,9,9,4,4,North Devon,11.04230946,8.733065007,5.244868878,2.3,5.7,10.78973026,18.3520412,2.055152829,4.63238419
12,E06000012,North East Lincolnshire,Yorkshire and the Humber,19.7,18,10.1,10.8,12.3,12.22,12.9,11.5,10.1,16.7,8,8,6,7,9,7,9,8,6,9,4,North East Lincolnshire,10.01967221,9.263482358,3.34256244,2.3,5.5,14.47630797,18.1143931,2.628182638,6.358041517
216,E07000218,North Warwickshire,West Midlands,19.7,14.7,11.8,10.7,10.3,11.87,11.2,9.8,10.6,16.22,8,5,8,7,6,7,7,5,7,9,4,North Warwickshire,12.12468152,9.294675396,1.82860685,2.4,5.7,14.40802727,11.28544863,2.104363531,4.412676275
163,E07000148,Norwich,East of England,17.5,14,12.2,11.5,10.5,9.88,12.3,12.9,11.1,18.74,6,5,9,8,6,4,8,9,8,10,4,Norwich,8.968244385,8.581864284,2.61940682,2.1,5,32.66300834,21.6996303,9.15917049,6.521991412
150,E07000135,Oadby and Wigston,East Midlands,15.6,16.1,11.9,9.6,8.2,11.98,9.6,8.2,8.9,10.2,5,6,8,5,3,7,4,2,4,3,4,Oadby and Wigston,11.29072459,7.671354816,1.794835747,2.5,5.7,7.544870894,9.920802287,26.98771586,3.402221285
241,E08000004,Oldham,North West,19.8,15.8,11.2,10.7,10.7,12.05,11.8,12.9,11.7,15.22,8,6,7,7,7,7,8,9,8,8,4,Oldham,10.81472852,10.02014255,1.938619667,2.5,5.2,21.08959567,12.20026086,22.48629373,7.852580181
187,E07000178,Oxford,South East,12.6,11.1,12.4,11.9,11.9,12.83,11.9,11.7,10.5,9.85,3,3,9,9,8,9,8,8,6,3,4,Oxford,7.718589127,5.357918713,2.5751693,2.4,5.1,21.35981941,28.23295711,22.34868932,4.948081264
25,E06000026,Plymouth,South West,14,12.8,10.3,13.4,12.8,12.03,11.8,13,10.3,12.35,4,4,6,10,9,7,8,9,6,5,4,Plymouth,10.62741825,9.964740389,4.881663571,2.3,5.1,19.29885552,20.15058505,3.851644408,6.921789089
41,E06000044,Portsmouth,South East,12.5,10.3,10.7,12.3,11.8,14.46,12.3,12.1,10.8,10.71,3,3,6,9,8,10,8,8,7,3,4,Portsmouth,8.356741573,7.348236579,5.397025961,2.3,5.1,18.26424719,24.68381828,11.64267322,6.405531571
35,E06000038,Reading,South East,12,9.8,10.7,11.2,10.8,13.86,11.9,10.9,9,10.3,3,2,6,8,7,9,8,7,4,3,4,Reading,7.909542833,5.661601305,3.158949562,2.4,5.1,16.29101783,26.07644467,25.24823697,5.128123559
299,E09000026,Redbridge,London,11.5,9.9,10.8,11.5,10.6,11.47,11.3,13.7,12.7,15.43,2,2,7,8,6,7,7,10,10,8,4,Redbridge,9.782772341,7.002186615,2.438827506,2.8,5.2,11.39094899,22.86161142,57.46997885,6.121790021
242,E08000005,Rochdale,North West,20,16.4,11.5,11.3,11.4,12.35,12.8,13.6,12.2,15.73,8,6,8,8,8,8,9,10,9,8,4,Rochdale,10.987298,10.68970567,2.303773757,2.4,5.2,23.12568531,13.19901316,18.33971818,8.864446272
140,E07000125,Rossendale,North West,21,18.2,10.7,10.3,11.1,12.18,12.2,12.1,11.3,14.84,9,8,7,7,7,7,8,8,8,8,4,Rossendale,11.22944309,10.02912536,2.770321426,2.3,5.4,14.60527221,14.13035997,6.18398988,6.259894005
218,E07000220,Rugby,West Midlands,19.8,15.8,12.4,10.9,10.4,11.82,11.1,10.3,9.2,14.65,8,6,9,7,6,7,6,6,4,7,4,Rugby,10.38321259,7.031726205,1.721791045,2.3,5.7,14.31164179,14.09671642,9.502872845,3.395820896
243,E08000006,Salford,North West,20.9,16.4,10.7,9.9,10.8,11.43,12.3,12.8,11.2,15.61,9,6,7,6,7,6,8,9,8,8,4,Salford,10.00371901,10.98989882,2.400633474,2.2,5,28.79504809,18.7531384,9.862225509,8.613696937
251,E08000014,Sefton,North West,20.9,19.1,11.4,10.9,11.2,10.94,12.7,13.1,12.5,13.77,9,9,8,7,7,6,9,9,9,6,4,Sefton,12.61806494,11.76156909,3.363859917,2.3,5.7,14.46875265,13.40117019,2.574600972,6.570847113
256,E08000019,Sheffield,Yorkshire and the Humber,18.3,17.6,11.3,10.9,12.4,12.32,12.2,10.7,10.4,17.46,7,8,7,7,9,8,8,6,6,10,4,Sheffield,10.38053331,9.131569139,2.346386695,2.3,5.2,24.7542709,15.55269476,16.31162045,6.614679378
72,E07000039,South Derbyshire,East Midlands,15.5,16.2,11,9,9.1,11.29,10.5,7.9,9.8,11.77,5,6,7,4,4,6,5,2,5,4,4,South Derbyshire,11.07905,7.995898997,2.02092737,2.4,5.9,9.943065244,13.0462659,4.316622803,3.75718096
155,E07000140,South Holland,East Midlands,19.8,19.3,10.5,7.9,8.9,11.63,11.8,7.7,11.6,14.31,8,9,6,3,4,7,8,2,8,7,4,South Holland,10.73071259,9.489067633,1.881172177,2.3,5.9,12.68784886,12.65027909,2.152486689,4.317840275
259,E08000023,South Tyneside,North East,21.3,18.2,11,11.3,11.8,12.27,13.2,11.2,8.7,14.74,9,8,7,8,8,8,9,7,3,7,4,South Tyneside,11.30111323,12.26380066,0.78907797,2.2,5.1,31.5690741,10.06148853,4.069480918,7.420310569
42,E06000045,Southampton,South East,11.9,9.7,10.1,10.3,9.8,12.44,11.6,11.5,10.4,10.71,3,2,6,7,5,8,7,8,6,3,4,Southampton,8.596263118,7.668374972,3.751501211,2.3,4.9,23.27335274,24.8834653,14.08042823,6.767154518
250,E08000013,St. Helens,North West,20,16.5,10.1,9.7,10.3,10.9,12.7,12.4,11.3,14.15,8,7,6,5,6,6,9,9,8,7,4,St. Helens,12.88646268,12.35539736,2.496831097,2.3,5.4,20.59390514,10.21442907,1.957126885,7.332048167
219,E07000221,Stratford-on-Avon,West Midlands,19.6,17.1,12.4,10.5,12.1,13.62,10.5,9.6,10.2,13.59,8,7,9,7,8,9,5,5,6,6,4,Stratford-on-Avon,11.33004108,7.058969996,2.147203821,2.3,6.1,12.92751502,12.70220305,2.637672739,2.644045602
102,E07000082,Stroud,South West,15.7,16.1,9.2,10.6,11.1,10.39,9.4,9.9,8.8,10.16,5,6,5,7,7,5,4,5,3,3,4,Stroud,11.39130512,7.158247546,2.39988283,2.3,5.9,12.7568314,12.11658367,2.08638133,3.042222873
245,E08000008,Tameside,North West,19.7,16.2,10.4,9.8,10.2,11.89,11.8,11.8,10.7,14.66,8,6,6,6,6,7,8,8,7,7,4,Tameside,10.96961573,10.626744,2.760312997,2.3,5.1,21.52433309,13.2412878,9.071054695,7.735405938
20,E06000020,Telford and Wrekin,West Midlands,16.7,12.9,11,10.8,10.1,11.65,12.1,11,9.4,15.56,6,4,7,7,6,7,8,7,4,8,4,Telford and Wrekin,10.76805828,9.037391758,1.654455921,2.5,5.7,19.67631516,14.98168388,7.336729856,5.883677636
129,E07000114,Thanet,South East,16.8,14.7,10.1,10.3,10.1,11.28,11.4,12.3,10.7,10.55,6,5,6,7,6,6,7,9,7,3,4,Thanet,11.55262099,11.45350484,2.960697663,2.2,5.2,12.66445987,23.77799808,4.465443489,7.314368289
26,E06000027,Torbay,South West,16,15.6,9.8,12.8,11.6,10.82,10.8,12.6,10,10.54,5,6,5,9,8,6,6,9,6,3,4,Torbay,12.29926924,11.83576539,4.956786985,2.2,5.2,8.069818675,23.20962549,2.489328721,7.083545162
157,E07000142,West Lindsey,East Midlands,20.3,22.3,12.8,9.9,11,12.74,12.2,9.3,12.8,14.4,9,10,9,6,7,8,8,4,10,7,4,West Lindsey,11.74565826,8.900840336,1.867917155,2.3,6.1,11.06161261,13.68503322,1.848739496,3.69936173
252,E08000015,Wirral,North West,20.5,18.5,11.2,10.6,10.9,11.18,13.1,13.5,12.2,13.86,9,9,7,7,7,6,9,10,9,6,4,Wirral,12.61480441,11.85116157,3.27706764,2.3,5.7,15.17182021,15.84473229,3.010478981,6.913353677
231,E07000237,Worcester,West Midlands,18.1,13.8,13.1,12.1,10.7,12.11,12.7,11.1,9.9,15.44,7,5,9,9,7,7,9,7,5,8,4,Worcester,9.768346023,7.219949781,3.227724656,2.3,5.4,15.31325817,18.18419676,6.554754576,4.5858903
232,E07000238,Wychavon,West Midlands,19.3,16.7,12.1,10.6,11.1,12.7,10.7,9.5,10.3,14.07,8,7,9,7,7,8,6,5,6,7,4,Wychavon,11.4875496,7.641264195,2.191404197,2.3,6.1,14.48671815,10.95499939,2.126658914,3.434682408
233,E07000239,Wyre Forest,West Midlands,19.9,15.3,13.5,12.2,11.1,12.58,12.5,11.2,10.4,15.5,8,6,10,9,7,8,9,7,6,8,4,Wyre Forest,11.35289615,9.178872161,3.170873561,2.3,5.6,14.43526812,13.16738397,2.757846389,5.380946842
14,E06000014,York,Yorkshire and the Humber,16.1,15.7,9.1,9,10.7,11.55,10.5,8.9,8.5,13.49,5,6,5,4,7,7,5,3,3,6,4,York,9.201670277,6.573054415,2.635484489,2.3,5.4,13.97812141,17.92895442,5.715699492,3.273410571
60,E07000027,Barrow-in-Furness,North West,21.1,18.8,13.1,14.4,12.3,13.49,15.3,15.1,14.4,14.27,9,9,9,10,9,9,10,10,10,7,5,Barrow-in-Furness,11.93422786,12.97060228,7.814501665,2.2,5.3,11.06200359,14.22623623,1.660225513,8.660005124
261,E08000025,Birmingham,West Midlands,23.3,17.9,20.1,18.9,14.1,15.57,16.8,16.2,14.2,21.16,10,8,10,10,10,10,10,10,10,10,5,Birmingham,10.00703605,9.149756068,4.095574773,2.6,5.2,24.24720502,17.87157688,42.06804002,8.936153636
8,E06000008,Blackburn with Darwen,North West,20.9,18.2,14,13.6,12.4,13.96,14.4,16.5,14.6,16.4,9,8,10,10,9,9,10,10,10,9,5,Blackburn with Darwen,10.68283058,10.55197337,3.677226998,2.5,5.4,18.11762244,15.68008648,30.83619795,9.11547783
9,E06000009,Blackpool,North West,24.2,20.9,13.5,14.1,13.2,13.45,15.9,17.5,15.2,16.26,10,10,10,10,9,9,10,10,10,9,5,Blackpool,11.48699539,13.54802379,5.536998773,2.1,5.1,10.87358429,26.05372318,3.326646253,10.71045722
151,E07000136,Boston,East Midlands,22.6,22,13.2,10.5,11.4,13.89,13.7,9.9,12,16.37,10,10,9,7,8,9,9,5,9,9,5,Boston,10.25728298,9.590482232,2.20585541,2.3,5.6,18.19281082,15.72313217,3.163822578,6.291451394
268,E08000032,Bradford,Yorkshire and the Humber,19.2,17.9,14.2,14.1,13.2,15.04,14.3,13.5,12.4,18.35,7,8,10,10,9,10,10,10,9,10,5,Bradford,9.766638849,8.417041183,5.337287251,2.6,5.3,14.80862636,18.09870745,32.56471408,8.000662331
278,E09000005,Brent,London,11.5,9.8,11.6,12,11.7,13.1,12.9,14.9,13.7,17.29,2,2,8,9,8,9,9,10,10,10,5,Brent,8.550359077,6.962710666,2.37201458,2.8,4.6,24.1109479,30.08632102,63.7292547,9.178862231
132,E07000117,Burnley,North West,22.2,19,13.5,14.2,13.5,14.65,15.1,16.4,13.6,16.4,10,9,10,10,10,10,10,10,10,9,5,Burnley,11.31990949,11.58984137,4.665778961,2.3,5.3,14.06391478,19.35286285,12.64085276,8.953395473
48,E06000052,Cornwall UA,South West,19.1,19.1,11.4,14.4,14.9,14.15,12.8,13.2,12.6,11.47,7,9,8,10,10,10,9,9,9,4,5,Cornwall,11.87210323,9.988483353,7.215622274,2.3,5.6,12.00361128,16.75644236,1.770707889,5.323170811
44,E06000047,Coventry,West Midlands,21.1,16.2,11.4,11.5,12.2,13.33,14,11.8,9.8,18.78,9,6,8,8,8,9,10,8,5,10,5,County Durham,11.70110786,12.25055627,0.834662627,2.2,5.4,20.10875636,12.57445164,1.845718004,6.740749677
262,E08000026,Craven,Yorkshire and the Humber,22.7,23.6,16.3,15.9,13,14.42,15.3,14.7,12.1,15.37,10,10,10,10,9,10,10,10,9,8,5,Coventry,10.12777638,8.700782433,3.649527187,2.4,5.2,17.04149558,20.61014682,26.16450025,7.334048774
5,E06000005,Dartford,South East,11.2,8.8,11.8,12.5,12.6,14.08,13.7,12.2,9,7.47,2,1,8,9,9,10,10,9,4,2,5,Darlington,10.46568906,9.303360994,1.744161131,2.2,5.4,15.48746518,18.24083994,3.759804479,5.592457682
15,E06000015,Derbyshire Dales,East Midlands,24.4,27.4,16,12.8,10.7,14.44,13.2,10.8,11.6,13.5,10,10,10,9,7,10,9,6,8,6,5,Derby,10.28494243,8.837717888,3.426191198,2.4,5.4,19.80033441,16.81121726,19.69873609,6.480820565
68,E07000035,Doncaster,Yorkshire and the Humber,20.1,18.4,15.6,11.3,12.2,12.41,10.9,8.9,12.6,17.78,8,8,10,8,9,8,6,4,9,10,5,Derbyshire Dales,12.6595984,7.843523258,2.400468384,2.3,6,12.15196461,12.55529534,1.404747174,3.164845173
152,E07000137,East Lindsey,East Midlands,23.8,25,13.2,10.4,11.5,12.75,12.8,10.1,14.4,15.28,10,10,9,7,8,8,9,6,10,8,5,East Lindsey,12.97937698,12.81148965,2.547216292,2.2,5.7,11.01166037,17.33289539,1.530047434,6.352438824
195,E07000193,East Staffordshire,West Midlands,21.5,17.1,14.6,13.9,12.3,13.79,14,12.6,11.2,16.76,9,7,10,10,9,9,10,9,8,9,5,East Staffordshire,10.09570094,7.907873537,3.936424626,2.4,5.7,13.47484709,15.13618759,9.578017837,5.121584728
63,E07000030,Eden,North West,29.1,28.3,13,11.4,16.4,12.78,11.2,11.9,14.7,14.29,10,10,9,8,10,9,7,8,10,7,5,Eden,11.34236359,7.796210334,4.131406501,2.2,6,10.0724732,15.99184134,1.074880146,3.476109882
287,E09000014,Haringey,London,11.7,10,10.1,11.9,13.3,12.57,12.6,14.5,14.4,18.25,3,2,6,9,10,8,9,10,10,10,5,Haringey,7.408816676,6.768630897,3.009170713,2.5,4.4,26.71963121,31.47957432,39.45576363,9.190329067
1,E06000001,Hartlepool,North East,20.3,18.5,11.6,12.2,11.8,12.83,14.7,12.6,10.1,14.75,9,8,8,9,8,9,10,9,6,7,5,Hartlepool,10.78367453,12.10175164,1.434436365,2.3,5.4,23.53217589,14.76727507,2.313426349,8.141662957
19,E06000019,"Herefordshire, County of",West Midlands,27.1,23.7,16.4,14.1,15.1,16.65,13.5,12.2,12.9,16.54,10,10,10,10,10,10,9,9,10,9,5,"Herefordshire, County of",11.26898739,8.377071786,3.845810084,2.3,6,13.9212707,15.50964645,1.802950779,4.333558907
135,E07000120,Hyndburn,North West,21.9,18.7,13.2,14,13,14.42,14.1,15.4,13.1,15.56,9,9,9,10,9,10,10,10,10,8,5,Hyndburn,11.05234474,11.33723091,5.200780408,2.3,5.3,12.78064122,18.15613989,12.33185523,7.82155441
49,E06000053,Isles of Scilly UA,South West,23.7,22.2,19.7,22.4,20.4,19.41,15.5,12.5,20.9,11.74,10,10,10,10,10,10,10,9,10,4,5,Isles of Scilly,9.986382206,4.90240581,26.28918099,2.1,5.3,18.09908999,29.72699697,1.180208806,3.741152679
270,E08000034,Kirklees,Yorkshire and the Humber,18.9,17.6,12,11.8,11.6,13.97,13.1,11.4,10.6,16.81,7,8,9,9,8,10,9,8,7,9,5,Kirklees,10.33593872,8.449123937,5.126062527,2.4,5.3,15.28598185,15.52571676,20.87497455,6.804783172
136,E07000121,Lancaster,North West,21,20.2,12,11.6,11.8,12.76,13,13.6,13.8,14.51,9,10,9,8,8,9,9,10,10,7,5,Lancaster,10.56187895,9.214814815,4.480993394,2.2,5.5,9.9650652,18.9011103,4.359891599,5.612050777
16,E06000016,Leicester,East Midlands,21.2,19.9,21.3,16.6,13.5,18.19,15.2,13.9,14.6,18.98,9,10,10,10,10,10,10,10,10,10,5,Leicester,9.387913497,8.372266469,2.801218274,2.6,5,25.39695431,22.74030457,49.47959459,9.067208122
249,E08000012,Liverpool,North West,22.8,19.3,14.4,14.5,14.3,14.34,17,17.6,15.6,18.14,10,9,10,10,10,10,10,10,10,10,5,Liverpool,10.84056045,12.75344918,4.813693921,2.2,5.1,27.83575043,23.38328935,11.09398283,10.98467424
29,E06000032,Luton,East of England,16.9,13.5,13.4,13.4,9.6,8.89,11.8,13.9,11.6,16.05,6,4,9,10,5,3,7,10,8,9,5,Luton,8.984207755,6.925654893,2.436299517,2.7,5.1,15.76864577,22.63470313,45.33540681,6.800102298
229,E07000235,Malvern Hills,West Midlands,23.7,21.7,15.2,12.6,14.1,15.55,12.6,11.3,12.2,15.11,10,10,10,9,10,10,9,7,9,8,5,Malvern Hills,12.58190296,8.6786992,2.741214454,2.2,6.2,14.11585744,11.54849125,2.398467125,3.42108531
240,E08000003,Manchester,North West,22.4,18,15.9,14.9,14.5,15.29,16.2,17.9,15.5,19.84,10,8,10,10,10,10,10,10,10,10,5,Manchester,8.474997366,9.411738984,3.127302177,2.3,4.8,31.55696715,28.37990135,33.39474924,9.719030683
2,E06000002,Middlesbrough,North East,22.6,20.8,15.1,15.4,14.3,15.61,17,15.4,11.9,16.52,10,10,10,10,10,10,10,10,9,9,5,Middlesbrough,10.23032685,10.80758894,1.821582784,2.4,5.3,23.86937748,16.62325403,11.81761697,8.989039036
257,E08000021,Newcastle upon Tyne,North East,21.2,18.8,13.4,13,13.3,14.82,14.4,13,10.6,16.37,9,9,10,9,10,10,10,9,7,9,5,Newcastle upon Tyne,9.212033821,9.515770388,1.516819885,2.3,5.1,29.74742431,19.05030174,14.50654408,7.53885944
197,E07000195,Newcastle-under-Lyme,West Midlands,21.6,16.8,13.4,12.1,11.3,12.78,12.9,11.3,10.9,18.04,9,7,10,9,7,9,9,7,7,10,5,Newcastle-under-Lyme,11.89221044,10.03221093,1.82219348,2.3,5.5,18.71647582,10.48236771,5.012472653,5.460874196
298,E09000025,Newham,London,12.4,10.2,13.8,14.9,13.6,15.66,15.3,19.1,16.1,21.71,3,3,10,10,10,10,10,10,10,10,5,Newham,7.988726687,7.001337732,2.752194171,3,4.4,29.64174194,34.0527389,71.03226142,10.89352732
162,E07000147,North Norfolk,East of England,24.2,22.3,11.2,10.4,12,11.25,11.1,11.6,13.5,15.78,10,10,7,7,8,6,7,8,10,9,5,North Norfolk,12.21883959,10.30157933,3.361855536,2.2,5.8,12.82196065,14.47248404,1.351737456,4.063327976
53,E06000057,Northumberland,North East,22.6,21.2,11.8,11.4,13.3,13.08,12.8,11.1,9.8,14.12,10,10,8,8,10,9,9,7,5,7,5,Northumberland,11.29551812,9.790271748,1.341187001,2.2,5.6,18.65318261,13.29420936,1.570114041,4.708591393
18,E06000018,Nottingham,East Midlands,21.8,20.5,18.4,14,12.6,15.83,14.6,12.6,13.9,18.49,9,10,10,10,9,10,10,9,10,10,5,Nottingham,8.817717875,9.061436797,2.403057139,2.3,4.9,29.7198944,23.06966567,28.45524732,8.683828718
137,E07000122,Pendle,North West,23.7,20.7,15,15.7,14,15.82,15.8,17.3,15.2,17.28,10,10,10,10,10,10,10,10,10,10,5,Pendle,11.45418772,10.37427894,5.986933705,2.4,5.4,11.60169219,18.10003213,20.13929258,7.976330727
138,E07000123,Preston,North West,19.7,17.1,13,12.9,12.4,13.99,14.1,15.1,13.4,15.11,8,7,9,9,9,10,10,10,10,8,5,Preston,10.08473488,8.990599278,4.330606076,2.3,5.4,19.2141331,18.00510709,19.81926078,7.469557212
3,E06000003,Redcar and Cleveland,North East,20.9,19.2,11.4,12.1,11.8,12.76,14.3,12.1,10.3,14.42,9,9,8,9,8,8,10,8,6,7,5,Redcar and Cleveland,11.86148531,11.45313182,1.734753796,2.2,5.4,19.4077678,12.47210804,1.460307597,6.650448788
175,E07000166,Richmondshire,Yorkshire and the Humber,23.9,24.3,10.7,9.6,15.2,12.28,9.5,9,10.4,16.25,10,10,7,5,10,8,4,4,6,9,5,Richmondshire,9.163860291,6.275377658,1.732073044,2.3,5.9,10.80318701,22.36353739,4.635812566,2.949472955
176,E07000167,Ryedale,Yorkshire and the Humber,25.4,26,11.9,10.6,15.9,13.31,11.2,10,11.7,16.13,10,10,8,7,10,9,7,5,9,9,5,Ryedale,11.4084752,7.499371993,3.591724383,2.2,6,12.85739655,16.75102113,1.32751058,3.156632925
264,E08000028,Sandwell,West Midlands,24.1,17.5,18,16.4,12.8,14.3,16.9,15.2,12,20.95,10,8,10,10,9,10,10,10,9,10,5,Sandwell,10.88413734,10.79259762,3.437093615,2.5,5.1,27.52226374,12.90062388,30.05618981,9.09809215
177,E07000168,Scarborough,Yorkshire and the Humber,22.7,22.7,12.1,11.7,13.8,12.34,12.1,11.6,12.1,16.76,10,10,9,9,10,8,8,8,9,9,5,Scarborough,11.521881,10.45012087,4.523111156,2.2,5.4,12.4082128,19.500354,2.471666376,5.593203196
47,E06000051,Shropshire UA,West Midlands,25,21.2,15.4,13.2,14.6,16.02,13.1,11.8,12.3,16.48,10,10,10,10,10,10,9,8,9,9,5,Shropshire,11.1913605,8.3520346,3.183367522,2.3,6,13.45528016,14.97678795,2.043256274,3.922914385
200,E07000198,Staffordshire Moorlands,West Midlands,24.6,19.3,13.5,12.1,11.5,12.95,12.4,10.8,11.4,16.16,10,9,10,9,8,9,8,7,8,9,5,Staffordshire Moorlands,12.92505098,9.885074043,2.379584411,2.3,5.8,8.855214019,9.822369051,1.319176982,4.189409174
21,E06000021,Stoke-on-Trent,West Midlands,25,18.4,16.1,14.7,12.5,14.02,15.4,14.7,12.4,21.82,10,8,10,10,9,10,10,10,9,10,5,Stoke-on-Trent,10.99763863,11.75986314,2.510806414,2.3,5.1,24.16825471,14.35277713,11.36349033,8.868231466
260,E08000024,Sunderland,North East,21.3,18.7,11.7,12.4,12.7,13.99,15.3,12.6,9.2,15.26,9,9,8,9,9,10,10,9,4,8,5,Sunderland,11.80772833,12.41570057,0.831677216,2.3,5.2,27.05372501,12.15117153,4.073958462,7.920973964
79,E07000046,Torridge,South West,21.6,21.4,11.4,14,15,14.18,12.4,13.2,12.6,11.82,9,10,8,10,10,10,8,9,9,4,5,Torridge,11.91904635,9.580350569,6.417494462,2.2,5.8,9.018795112,16.95847924,1.281348392,4.938183377
266,E08000030,Walsall,West Midlands,22.6,16.7,16.2,14.3,11.7,13.18,14.4,13.7,11.8,19.35,10,7,10,10,8,9,10,10,9,10,5,Walsall,11.37370369,10.42057307,2.843575523,2.5,5.4,24.08321122,11.65717572,21.10996833,7.978891135
304,E09000031,Waltham Forest,London,12.8,10.4,11,12.1,12.1,13.22,13.5,14.6,14.2,21.06,3,3,7,9,8,9,9,10,10,10,5,Waltham Forest,8.23739879,6.92509942,3.218013442,2.6,4.7,22.06873768,25.91548714,47.80270204,8.217961822
80,E07000047,West Devon,South West,21.1,22,11.6,13.8,15.2,14.39,11.7,12.6,12.3,11.48,9,10,8,10,10,10,7,9,9,4,5,West Devon,11.94517581,8.550408007,5.592959296,2.3,6,9.496149615,15.00110011,1.536795324,3.96479648
267,E08000031,Wolverhampton,West Midlands,24.3,18.2,18.3,16.3,13.1,14.58,15.2,14.4,12.7,21.13,10,8,10,10,9,10,10,10,10,10,5,Wolverhampton,10.87746022,10.18799856,3.021227869,2.4,5.3,28.03762099,13.16832555,31.98300397,8.164263973
