geography,geography code,UnpaidCare_person_per,LimitedAlot_person_per,NoCentralHeating_per_hh,HouseholdSize_hh,AverageRooms_hh,SocialRent_hh_per,PrivateRent_hh_per,Ethnicity_per,Deprivation_hh_per
Darlington,E06000005,10.46568906,9.303360994,1.744161131,2.2,5.4,15.48746518,18.24083994,3.759804479,5.592457682
County Durham,E06000047,11.70110786,12.25055627,0.834662627,2.2,5.4,20.10875636,12.57445164,1.845718004,6.740749677
Hartlepool,E06000001,10.78367453,12.10175164,1.434436365,2.3,5.4,23.53217589,14.76727507,2.313426349,8.141662957
Middlesbrough,E06000002,10.23032685,10.80758894,1.821582784,2.4,5.3,23.86937748,16.62325403,11.81761697,8.989039036
Northumberland,E06000057,11.29551812,9.790271748,1.341187001,2.2,5.6,18.65318261,13.29420936,1.570114041,4.708591393
Redcar and Cleveland,E06000003,11.86148531,11.45313182,1.734753796,2.2,5.4,19.4077678,12.47210804,1.460307597,6.650448788
Stockton-on-Tees,E06000004,10.39820469,9.225510151,1.177377178,2.4,5.6,17.21219318,13.12169178,5.38124315,5.566012709
Gateshead,E08000037,11.09812501,11.44625251,1.303362721,2.2,5,27.975189,12.47840815,3.732006753,7.370392803
Newcastle upon Tyne,E08000021,9.212033821,9.515770388,1.516819885,2.3,5.1,29.74742431,19.05030174,14.50654408,7.53885944
North Tyneside,E08000022,11.05970588,10.08261911,1.452434416,2.2,5.3,21.55320664,12.37745769,3.374485187,5.573142012
South Tyneside,E08000023,11.30111323,12.26380066,0.78907797,2.2,5.1,31.5690741,10.06148853,4.069480918,7.420310569
Sunderland,E08000024,11.80772833,12.41570057,0.831677216,2.3,5.2,27.05372501,12.15117153,4.073958462,7.920973964
Blackburn with Darwen,E06000008,10.68283058,10.55197337,3.677226998,2.5,5.4,18.11762244,15.68008648,30.83619795,9.11547783
Blackpool,E06000009,11.48699539,13.54802379,5.536998773,2.1,5.1,10.87358429,26.05372318,3.326646253,10.71045722
Cheshire East,E06000049,10.80791188,7.890805048,2.284857722,2.3,5.9,11.37787646,12.50493913,3.292653603,3.566836635
Cheshire West and Chester,E06000050,11.26216597,8.828062426,2.113233693,2.3,5.8,14.71133044,12.53800144,2.60400233,4.593402243
Halton,E06000006,11.94312344,11.57571613,2.892406963,2.3,5.4,25.21195978,9.776410564,2.151161866,8.200780312
Warrington,E06000007,10.80117491,8.376683743,2.243363871,2.3,5.6,15.64247122,11.21564482,4.072630892,4.750998356
Allerdale,E07000026,11.17379851,10.07861276,3.100720274,2.2,5.7,19.10024796,9.781556264,1.075480699,5.4764435
Barrow-in-Furness,E07000027,11.93422786,12.97060228,7.814501665,2.2,5.3,11.06200359,14.22623623,1.660225513,8.660005124
Carlisle,E07000028,10.51393177,9.224917228,3.05117703,2.2,5.5,15.29518845,14.30226304,1.900970946,5.587274006
Copeland,E07000029,11.30405224,10.67518377,2.842546502,2.3,5.6,18.56169767,8.72740372,1.575003895,6.464500917
Eden,E07000030,11.34236359,7.796210334,4.131406501,2.2,6,10.0724732,15.99184134,1.074880146,3.476109882
South Lakeland,E07000031,11.79648459,7.997453163,3.948272899,2.2,5.8,10.42490119,14.24858223,1.636149646,3.00524145
Bolton,E08000001,11.07317567,10.03410577,3.035979754,2.4,5.2,20.4733138,13.68897749,18.11543936,7.354925196
Bury,E08000002,10.78244894,9.041932346,2.408049876,2.3,5.4,14.98214126,13.79283858,10.82243597,5.786488805
Manchester,E08000003,8.474997366,9.411738984,3.127302177,2.3,4.8,31.55696715,28.37990135,33.39474924,9.719030683
Oldham,E08000004,10.81472852,10.02014255,1.938619667,2.5,5.2,21.08959567,12.20026086,22.48629373,7.852580181
Rochdale,E08000005,10.987298,10.68970567,2.303773757,2.4,5.2,23.12568531,13.19901316,18.33971818,8.864446272
Salford,E08000006,10.00371901,10.98989882,2.400633474,2.2,5,28.79504809,18.7531384,9.862225509,8.613696937
Stockport,E08000007,11.29008914,8.644250287,2.32581018,2.3,5.6,13.62529616,11.35605309,7.927279146,5.054968478
Tameside,E08000008,10.96961573,10.626744,2.760312997,2.3,5.1,21.52433309,13.2412878,9.071054695,7.735405938
Trafford,E08000009,10.38362065,8.017106692,2.435332966,2.4,5.7,16.38901825,12.70162144,14.45153545,4.772236569
Wigan,E08000010,11.48469871,10.96338198,1.732582523,2.3,5.4,18.91909727,11.63975775,2.723305721,7.046910973
Burnley,E07000117,11.31990949,11.58984137,4.665778961,2.3,5.3,14.06391478,19.35286285,12.64085276,8.953395473
Chorley,E07000118,11.49549718,8.983248565,2.682606469,2.3,5.7,13.00785859,10.21171442,3.100181979,4.579353948
Fylde,E07000119,12.12693216,10.36075874,2.479575749,2.1,5.7,7.473125985,17.38856242,2.525179191,4.133581769
Hyndburn,E07000120,11.05234474,11.33723091,5.200780408,2.3,5.3,12.78064122,18.15613989,12.33185523,7.82155441
Lancaster,E07000121,10.56187895,9.214814815,4.480993394,2.2,5.5,9.9650652,18.9011103,4.359891599,5.612050777
Pendle,E07000122,11.45418772,10.37427894,5.986933705,2.4,5.4,11.60169219,18.10003213,20.13929258,7.976330727
Preston,E07000123,10.08473488,8.990599278,4.330606076,2.3,5.4,19.2141331,18.00510709,19.81926078,7.469557212
Ribble Valley,E07000124,11.4489253,7.134355528,2.320648784,2.3,6,7.635683094,13.63277189,2.149408388,2.77812435
Rossendale,E07000125,11.22944309,10.02912536,2.770321426,2.3,5.4,14.60527221,14.13035997,6.18398988,6.259894005
South Ribble,E07000126,11.45456046,8.460713205,3.101817709,2.3,5.8,10.50930545,9.344496985,2.943414911,3.700490217
West Lancashire,E07000127,12.12991824,10.1296472,1.542495758,2.4,5.9,14.66693109,10.45371411,1.881013687,4.698001366
Wyre,E07000128,12.84188252,11.74581667,2.590892748,2.2,5.6,7.193164273,13.52974768,1.760573184,4.866648337
Knowsley,E08000011,12.24527565,14.24742791,3.437535672,2.4,5.3,26.63437862,9.75164294,2.765725566,11.42475091
Liverpool,E08000012,10.84056045,12.75344918,4.813693921,2.2,5.1,27.83575043,23.38328935,11.09398283,10.98467424
Sefton,E08000014,12.61806494,11.76156909,3.363859917,2.3,5.7,14.46875265,13.40117019,2.574600972,6.570847113
St. Helens,E08000013,12.88646268,12.35539736,2.496831097,2.3,5.4,20.59390514,10.21442907,1.957126885,7.332048167
Wirral,E08000015,12.61480441,11.85116157,3.27706764,2.3,5.7,15.17182021,15.84473229,3.010478981,6.913353677
East Riding of Yorkshire,E06000011,11.18203119,8.686661939,2.321158902,2.3,5.9,9.108451256,13.73678617,1.912148878,3.543263046
"Kingston upon Hull, City of",E06000010,9.218193022,10.0122462,3.935308537,2.2,4.9,28.09513659,20.4128033,5.883247662,8.677928168
North East Lincolnshire,E06000012,10.01967221,9.263482358,3.34256244,2.3,5.5,14.47630797,18.1143931,2.628182638,6.358041517
North Lincolnshire,E06000013,10.84349581,9.156981952,1.257710373,2.3,5.8,15.41367212,13.40756041,4.000095553,4.718182333
York,E06000014,9.201670277,6.573054415,2.635484489,2.3,5.4,13.97812141,17.92895442,5.715699492,3.273410571
Craven,E07000163,11.9312747,7.847100652,4.238701542,2.2,5.7,8.99808811,15.38461538,2.607879586,3.364113412
Hambleton,E07000164,11.2227956,7.101189141,2.051578036,2.3,6.2,12.91549702,15.13760264,1.688355396,2.479208752
Harrogate,E07000165,10.25407141,6.644749761,2.580059254,2.3,5.9,9.138144084,17.52445324,3.670131565,2.73935893
Richmondshire,E07000166,9.163860291,6.275377658,1.732073044,2.3,5.9,10.80318701,22.36353739,4.635812566,2.949472955
Ryedale,E07000167,11.4084752,7.499371993,3.591724383,2.2,6,12.85739655,16.75102113,1.32751058,3.156632925
Scarborough,E07000168,11.521881,10.45012087,4.523111156,2.2,5.4,12.4082128,19.500354,2.471666376,5.593203196
Selby,E07000169,10.51540462,7.213986986,1.866373448,2.4,5.9,12.04027894,10.98411412,1.644117964,3.249515322
Barnsley,E08000016,11.74936533,12.60568893,0.925208966,2.3,5.3,20.87874998,12.76232454,2.134754196,7.770961145
Doncaster,E08000017,11.03299581,11.12558779,1.447579593,2.3,5.5,17.7117016,14.84263205,4.740709387,7.025227889
Rotherham,E08000018,12.04951803,11.29780784,1.125649857,2.4,5.4,21.50554514,11.32298487,6.421797264,6.642165237
Sheffield,E08000019,10.38053331,9.131569139,2.346386695,2.3,5.2,24.7542709,15.55269476,16.31162045,6.614679378
Bradford,E08000032,9.766638849,8.417041183,5.337287251,2.6,5.3,14.80862636,18.09870745,32.56471408,8.000662331
Calderdale,E08000033,10.48394219,8.207981317,5.486284289,2.3,5.2,15.22663928,16.41258844,10.32203939,6.184764334
Kirklees,E08000034,10.33593872,8.449123937,5.126062527,2.4,5.3,15.28598185,15.52571676,20.87497455,6.804783172
Leeds,E08000035,9.52753548,7.871747274,5.310421839,2.3,5.2,21.95192704,17.92162098,14.90355762,6.562464909
Wakefield,E08000036,11.23905511,11.33664992,1.805375532,2.3,5.3,23.59380119,11.40698221,4.566700528,7.027077072
Derby,E06000015,10.28494243,8.837717888,3.426191198,2.4,5.4,19.80033441,16.81121726,19.69873609,6.480820565
Leicester,E06000016,9.387913497,8.372266469,2.801218274,2.6,5,25.39695431,22.74030457,49.47959459,9.067208122
Nottingham,E06000018,8.817717875,9.061436797,2.403057139,2.3,4.9,29.7198944,23.06966567,28.45524732,8.683828718
Rutland,E06000017,10.16618052,6.077229789,1.693107586,2.3,6.4,11.23183576,15.55125983,2.85798389,2.299693374
Amber Valley,E07000032,11.9427025,9.446565666,2.222602479,2.3,5.6,12.32793368,11.78796867,1.86903662,4.857783862
Bolsover,E07000033,12.68552448,13.03087022,0.975580013,2.3,5.4,18.18542118,13.03618792,1.863812512,7.204048657
Chesterfield,E07000034,12.5582919,11.51192816,1.322762629,2.2,5.2,23.14727755,12.42200188,3.484025128,6.406530473
Derbyshire Dales,E07000035,12.6595984,7.843523258,2.400468384,2.3,6,12.15196461,12.55529534,1.404747174,3.164845173
Erewash,E07000036,11.20796567,8.911412282,3.168898382,2.3,5.5,13.01035078,12.86658999,2.958574602,5.226731291
High Peak,E07000037,11.34753334,8.197641157,2.259538849,2.3,5.6,12.69706773,13.43141786,2.132200854,4.495968777
North East Derbyshire,E07000038,13.26459509,10.69852459,1.05409798,2.3,5.6,20.38774089,7.390294869,1.958130939,4.717901091
South Derbyshire,E07000039,11.07905,7.995898997,2.02092737,2.4,5.9,9.943065244,13.0462659,4.316622803,3.75718096
Blaby,E07000129,11.23569185,6.882819571,1.328646022,2.4,5.9,7.620327767,10.01912837,9.012404834,2.429819573
Charnwood,E07000130,10.31125828,6.708609272,1.943893199,2.4,5.7,11.80317518,14.12592459,12.6345575,3.566059294
Harborough,E07000131,10.52095289,5.912253168,1.406957419,2.4,6.3,8.375838157,11.23846639,4.762127849,2.080348444
Hinckley and Bosworth,E07000132,11.22404309,7.465882487,1.610948278,2.3,5.8,10.32461379,11.36258457,3.529758846,3.398197325
Melton,E07000133,10.46728601,6.282753692,2.266170312,2.3,6.1,11.17729176,14.21126105,2.098221375,2.815262913
North West Leicestershire,E07000134,11.40176317,8.384687808,1.339194439,2.4,5.9,14.30689021,11.273257,2.440407412,3.882130444
Oadby and Wigston,E07000135,11.29072459,7.671354816,1.794835747,2.5,5.7,7.544870894,9.920802287,26.98771586,3.402221285
Boston,E07000136,10.25728298,9.590482232,2.20585541,2.3,5.6,18.19281082,15.72313217,3.163822578,6.291451394
East Lindsey,E07000137,12.97937698,12.81148965,2.547216292,2.2,5.7,11.01166037,17.33289539,1.530047434,6.352438824
Lincoln,E07000138,9.556237372,8.565228082,2.508474576,2.2,5.2,21.91839297,20.95417451,4.449385831,6.264908977
North Kesteven,E07000139,11.31432919,8.451645231,1.281214652,2.3,6.1,10.21056295,13.45166623,1.791845294,2.801705386
South Holland,E07000140,10.73071259,9.489067633,1.881172177,2.3,5.9,12.68784886,12.65027909,2.152486689,4.317840275
South Kesteven,E07000141,10.34547194,7.638203725,1.789202009,2.3,6.1,13.42947824,14.62925502,2.536849344,3.280203683
West Lindsey,E07000142,11.74565826,8.900840336,1.867917155,2.3,6.1,11.06161261,13.68503322,1.848739496,3.69936173
Corby,E07000150,9.873479716,8.876010122,1.054927622,2.4,5.4,20.93198493,15.22506445,4.466574157,6.559587547
Daventry,E07000151,10.85903678,6.570918387,1.933832591,2.4,6.2,13.94128985,12.10857269,3.49421271,2.938667172
East Northamptonshire,E07000152,10.29447358,6.886417334,1.923616174,2.4,6,13.28304638,12.53715439,3.368869936,3.488306881
Kettering,E07000153,10.42203798,7.666220915,2.209012367,2.3,5.6,13.06516209,15.2338732,6.135330302,4.314752777
Northampton,E07000154,9.281413125,7.155689893,2.526738119,2.3,5.3,17.03237876,17.82578806,15.48128204,5.591056113
South Northamptonshire,E07000155,10.27480074,5.750742467,1.797390328,2.4,6.3,10.09591843,11.06086355,3.071992863,2.082553216
Wellingborough,E07000156,10.46631987,7.938319444,1.98396606,2.3,5.6,17.70596126,13.60077362,12.6970646,5.2001123
Ashfield,E07000170,11.77268049,11.16346017,1.195735407,2.3,5.4,16.21409358,12.77021853,2.313028779,6.581453339
Bassetlaw,E07000171,11.70888599,10.81133764,1.409780351,2.3,5.8,15.89988881,12.53487738,2.632395028,5.624436193
Broxtowe,E07000172,11.2186835,8.653082101,1.768475011,2.3,5.6,11.14480991,14.0837249,7.260222675,4.066638189
Gedling,E07000173,11.83868666,8.794905895,1.651502563,2.3,5.6,9.981965187,13.14717623,6.946267053,4.263510912
Mansfield,E07000174,12.16472345,12.16472345,1.119569088,2.3,5.4,18.24919872,13.61066595,2.818141788,7.207086895
Newark and Sherwood,E07000175,11.48871683,9.550850484,1.513132266,2.3,5.9,14.4547188,12.87187583,2.490049383,4.689069772
Rushcliffe,E07000176,10.61019176,6.78490763,1.411585033,2.4,6.2,8.408421512,13.26933566,6.861395315,2.299552744
"Herefordshire, County of",E06000019,11.26898739,8.377071786,3.845810084,2.3,6,13.9212707,15.50964645,1.802950779,4.333558907
Shropshire,E06000051,11.1913605,8.3520346,3.183367522,2.3,6,13.45528016,14.97678795,2.043256274,3.922914385
Stoke-on-Trent,E06000021,10.99763863,11.75986314,2.510806414,2.3,5.1,24.16825471,14.35277713,11.36349033,8.868231466
Telford and Wrekin,E06000020,10.76805828,9.037391758,1.654455921,2.5,5.7,19.67631516,14.98168388,7.336729856,5.883677636
Cannock Chase,E07000192,12.12472553,10.38763826,1.603383828,2.4,5.5,16.91914224,12.14341924,2.263446266,6.0299036
East Staffordshire,E07000193,10.09570094,7.907873537,3.936424626,2.4,5.7,13.47484709,15.13618759,9.578017837,5.121584728
Lichfield,E07000194,11.49383035,8.23514217,1.622841063,2.4,6,13.21075102,9.538133126,3.233850617,3.655637493
Newcastle-under-Lyme,E07000195,11.89221044,10.03221093,1.82219348,2.3,5.5,18.71647582,10.48236771,5.012472653,5.460874196
South Staffordshire,E07000196,12.52369811,8.338034421,1.853434702,2.4,6,13.93000135,8.484412254,4.097807289,3.477439381
Stafford,E07000197,11.49240844,8.008772131,1.893973395,2.3,5.9,13.67610362,12.93646662,5.013410357,3.362475989
Staffordshire Moorlands,E07000198,12.92505098,9.885074043,2.379584411,2.3,5.8,8.855214019,9.822369051,1.319176982,4.189409174
Tamworth,E07000199,10.56461797,8.519391249,1.866084701,2.4,5.5,19.31872094,10.99408546,2.671422806,5.424297055
North Warwickshire,E07000218,12.12468152,9.294675396,1.82860685,2.4,5.7,14.40802727,11.28544863,2.104363531,4.412676275
Nuneaton and Bedworth,E07000219,11.36269281,9.482483314,2.126690824,2.4,5.4,14.4808484,12.67856804,8.670520231,5.803342756
Rugby,E07000220,10.38321259,7.031726205,1.721791045,2.3,5.7,14.31164179,14.09671642,9.502872845,3.395820896
Stratford-on-Avon,E07000221,11.33004108,7.058969996,2.147203821,2.3,6.1,12.92751502,12.70220305,2.637672739,2.644045602
Warwick,E07000222,9.769121237,6.366238521,2.096150241,2.3,5.7,13.40513642,17.91611991,10.8486865,3.134000239
Birmingham,E08000025,10.00703605,9.149756068,4.095574773,2.6,5.2,24.24720502,17.87157688,42.06804002,8.936153636
Coventry,E08000026,10.12777638,8.700782433,3.649527187,2.4,5.2,17.04149558,20.61014682,26.16450025,7.334048774
Dudley,E08000027,12.13517616,9.771670528,3.639107702,2.4,5.4,19.80410728,9.243302764,10.00814892,6.512816959
Sandwell,E08000028,10.88413734,10.79259762,3.437093615,2.5,5.1,27.52226374,12.90062388,30.05618981,9.09809215
Solihull,E08000029,11.66716665,8.154871924,1.797666636,2.4,5.9,14.91354467,9.879613275,10.85284071,4.428511667
Walsall,E08000030,11.37370369,10.42057307,2.843575523,2.5,5.4,24.08321122,11.65717572,21.10996833,7.978891135
Wolverhampton,E08000031,10.87746022,10.18799856,3.021227869,2.4,5.3,28.03762099,13.16832555,31.98300397,8.164263973
Bromsgrove,E07000234,11.96215171,8.100430385,1.663619744,2.4,6.2,9.973883521,8.801253591,4.208806348,2.940715592
Malvern Hills,E07000235,12.58190296,8.6786992,2.741214454,2.2,6.2,14.11585744,11.54849125,2.398467125,3.42108531
Redditch,E07000236,10.5552521,7.983233192,1.503369622,2.4,5.5,21.17101549,11.68999482,7.976108486,5.535395427
Worcester,E07000237,9.768346023,7.219949781,3.227724656,2.3,5.4,15.31325817,18.18419676,6.554754576,4.5858903
Wychavon,E07000238,11.4875496,7.641264195,2.191404197,2.3,6.1,14.48671815,10.95499939,2.126658914,3.434682408
Wyre Forest,E07000239,11.35289615,9.178872161,3.170873561,2.3,5.6,14.43526812,13.16738397,2.757846389,5.380946842
Bedford,E06000055,10.21342528,7.099994285,2.016862032,2.4,5.7,16.06594371,15.84341503,19.45211743,4.644894377
Central Bedfordshire,E06000056,10.1560258,6.079463482,1.682966312,2.4,5.7,13.39189073,12.08057548,6.155727039,3.088152185
Luton,E06000032,8.984207755,6.925654893,2.436299517,2.7,5.1,15.76864577,22.63470313,45.33540681,6.800102298
Peterborough,E06000031,9.63344969,7.652847286,1.54681653,2.5,5.4,19.4993448,19.13999703,17.47362918,6.149440039
Southend-on-Sea,E06000033,10.18208202,8.79602437,2.163957256,2.3,5.1,11.51209191,22.01317657,8.427483905,6.603015614
Thurrock,E06000034,9.261596018,7.229320567,2.662261639,2.5,5.1,18.44819014,14.06828861,14.125107,5.765560599
Cambridge,E07000008,7.893143452,5.488144542,2.560260307,2.3,5.1,23.59678041,26.24052746,17.48811225,4.236417348
East Cambridgeshire,E07000009,9.889283925,6.469970651,1.727624661,2.4,5.9,14.283238,13.22008436,3.752177337,2.9872306
Fenland,E07000010,11.12090865,9.947303227,2.023633678,2.3,5.6,12.44214673,15.61053668,2.761856774,5.741014279
Huntingdonshire,E07000011,9.748802416,6.284659131,1.863470497,2.4,6,12.89285045,14.0914139,5.201524412,3.057707008
South Cambridgeshire,E07000012,10.07764445,5.560149239,1.514342895,2.4,6.2,14.25283522,11.9646431,6.700951229,2.136424283
Basildon,E07000066,10.10504479,8.192690992,1.180820939,2.4,5.3,21.96134495,10.23836362,7.346831178,5.590685399
Braintree,E07000067,10.08267385,7.271355144,1.867535999,2.4,5.7,16.47199515,13.24148551,3.397378369,3.97916223
Brentwood,E07000068,10.59224739,6.819200826,1.501011551,2.4,5.7,11.70136396,11.26411277,6.430619149,3.298962344
Castle Point,E07000069,11.24518526,9.084091761,1.706915477,2.4,5.5,5.348518112,10.88913282,3.110974765,4.445664105
Chelmsford,E07000070,9.951874517,6.05192799,2.157405945,2.4,5.7,13.09084646,11.98415319,6.135701978,3.292807211
Colchester,E07000071,9.573939471,7.014918474,1.80919675,2.3,5.5,13.49778038,18.69224111,7.954978795,4.303822207
Epping Forest,E07000072,10.27523083,7.084125494,1.865707526,2.4,5.6,15.00836683,11.04421919,9.457800881,4.050701083
Harlow,E07000073,9.837205897,7.829737382,1.031195841,2.4,4.9,31.21894858,10.8492201,10.91599141,5.748122473
Maldon,E07000074,11.61952977,7.629525061,2.43637913,2.4,6.1,10.40012395,9.656427935,1.947135277,3.823062323
Rochford,E07000075,11.31148919,7.152376721,1.513526397,2.5,5.7,7.588487665,8.473364319,2.821568792,3.179001311
Tendring,E07000076,12.56809226,12.53404613,2.635858627,2.2,5.4,8.442154416,16.20481443,2.449148122,6.432654376
Uttlesford,E07000077,9.985775965,5.588912805,1.465704432,2.5,6.4,12.6484864,13.11789501,3.376005438,2.474773279
Broxbourne,E07000095,9.690307556,6.832676345,2.055340167,2.5,5.2,14.0660683,11.15035318,9.698853743,4.947155983
Dacorum,E07000096,10.26876635,6.337721872,1.561613667,2.4,5.6,21.76415629,11.85725249,9.189006331,3.655443959
East Hertfordshire,E07000242,9.295721455,5.345457451,1.758665182,2.4,5.8,12.69950687,13.16082507,4.525481709,2.755536702
Hertsmere,E07000098,9.851945897,6.752906599,1.463120318,2.5,5.4,17.42671829,12.52199708,14.96336136,3.793554226
North Hertfordshire,E07000099,10.07363469,6.30693708,1.671470819,2.4,5.6,19.28648972,13.08913263,10.50946395,3.170740838
St Albans,E07000240,9.50776318,5.414320651,1.353758461,2.5,5.8,12.16957606,13.58033488,11.57652278,2.499109369
Stevenage,E07000243,10.18378456,7.107209643,0.939881942,2.4,5.2,28.37411886,11.40466502,12.33845897,4.510287122
Three Rivers,E07000102,10.14120962,6.186653229,1.509627435,2.5,5.7,15.14754472,10.56169534,13.76936908,3.375299077
Watford,E07000103,8.927918849,6.056411335,2.663504267,2.4,5,16.32180148,20.094872,28.07831585,4.672718846
Welwyn Hatfield,E07000241,9.381643823,6.264079251,1.123518217,2.4,5.5,26.92087222,13.55329833,15.92165377,3.521885676
Breckland,E07000143,10.67123403,8.841222766,1.944276307,2.3,5.8,13.77684844,15.21304499,2.586385268,4.378290137
Broadland,E07000144,11.50698779,8.094122555,1.454927254,2.3,6,8.562696865,10.34760762,2.28727757,2.514249288
Great Yarmouth,E07000145,11.21025525,10.87410179,3.731077259,2.3,5.4,17.24137931,16.45951662,3.147712203,7.633261247
King's Lynn and West Norfolk,E07000146,11.80866864,9.783589125,2.224621687,2.3,5.8,13.32708767,14.73236261,2.741249635,5.097098941
North Norfolk,E07000147,12.21883959,10.30157933,3.361855536,2.2,5.8,12.82196065,14.47248404,1.351737456,4.063327976
Norwich,E07000148,8.968244385,8.581864284,2.61940682,2.1,5,32.66300834,21.6996303,9.15917049,6.521991412
South Norfolk,E07000149,11.14408283,7.449279102,1.995871916,2.3,6.1,11.29542313,11.20263591,2.444118311,2.897233426
Babergh,E07000200,11.07362662,7.217916572,2.060124727,2.3,6,13.09098662,12.5632962,2.159790289,2.888971803
Forest Heath,E07000201,8.288143536,6.734953471,1.666929382,2.3,5.4,14.7343947,24.41283102,8.102363259,3.767339218
Ipswich,E07000202,9.792778744,8.03544653,3.785472442,2.3,5.2,21.59063144,19.9326329,11.08678702,6.473175329
Mid Suffolk,E07000203,10.82176345,6.66797614,2.133677368,2.4,6.2,11.27375577,11.20180618,2.133752365,2.724160175
St Edmundsbury,E07000204,9.962345056,7.083273278,1.449718353,2.4,5.8,15.98401817,14.84214663,3.957372442,3.526046898
Suffolk Coastal,E07000205,11.93663615,7.876232924,2.701743904,2.3,6,11.32603906,13.56846783,3.477127548,3.149856231
Waveney,E07000206,11.84427439,10.54887466,3.124815754,2.2,5.6,14.04791384,14.8929898,2.312284172,5.451722579
Camden,E09000007,7.854296581,7.048716064,3.49211557,2.2,4,33.11153034,32.22876125,33.71320426,8.736440626
City of London,E09000001,7.810169492,4.447457627,4.310148233,1.6,3.4,16.5336374,35.8722919,21.36949153,3.215507412
Hackney,E09000012,7.287936005,7.335038779,3.012095585,2.4,4.1,43.69161176,28.95958305,45.33763755,10.68738322
Hammersmith and Fulham,E09000013,6.758615399,6.286816481,3.036356868,2.2,4.2,31.1862514,31.70988956,31.9305398,7.543119494
Haringey,E09000014,7.408816676,6.768630897,3.009170713,2.5,4.4,26.71963121,31.47957432,39.45576363,9.190329067
Islington,E09000019,7.913159491,8.025227411,2.528966608,2.1,4,42.05181923,26.95390996,31.83020012,9.658386421
Kensington and Chelsea,E09000020,6.919678031,5.882167552,4.265559743,2,4.2,24.53779159,35.7899562,29.39318874,6.607161047
Lambeth,E09000022,6.756168216,6.142810951,3.269572441,2.3,4.3,35.08695017,29.32924156,42.91224273,7.648999746
Lewisham,E09000023,8.163183935,7.076499266,3.256066362,2.4,4.5,31.05494827,24.30507102,46.46827482,7.722390194
Newham,E09000025,7.988726687,7.001337732,2.752194171,3,4.4,29.64174194,34.0527389,71.03226142,10.89352732
Southwark,E09000028,7.18911625,6.583114509,3.241932537,2.3,4.2,43.71626447,23.66095896,45.76544576,8.539137367
Tower Hamlets,E09000030,7.617593351,6.791921164,3.05756639,2.5,3.9,39.60812586,32.55478634,54.81274794,10.7913527
Wandsworth,E09000032,6.509878011,5.248945423,2.946518204,2.3,4.5,20.3198639,31.66223476,28.59297383,5.274612431
Westminster,E09000033,7.237141972,6.985542125,4.409484552,2,3.9,25.85561396,39.65983436,38.31701581,8.904057785
Barking and Dagenham,E09000002,8.71438484,8.382505608,2.916146439,2.7,4.6,33.66627919,17.69205379,41.70006078,9.655429744
Barnet,E09000003,9.06881864,6.586959084,2.171929721,2.6,5.1,14.22496248,25.64377998,35.86925412,5.60419671
Bexley,E09000004,10.13892421,7.352250245,2.556045095,2.5,5.3,14.44538033,11.39907563,18.11876878,4.720098484
Brent,E09000005,8.550359077,6.962710666,2.37201458,2.8,4.6,24.1109479,30.08632102,63.7292547,9.178862231
Bromley,E09000006,10.02353002,6.616848529,1.997524109,2.3,5.5,14.07971757,13.29110055,15.68301701,4.166985068
Croydon,E09000008,9.269410916,6.709266934,2.874284532,2.5,5.1,17.85187228,21.01372319,44.90723159,5.869250397
Ealing,E09000009,8.501428576,6.761727764,2.591834432,2.7,4.8,18.11060428,27.54791186,51.0065032,7.596589352
Enfield,E09000010,8.840641862,7.259029782,2.970412622,2.6,4.9,17.57313453,22.17468895,38.98856196,7.80963341
Greenwich,E09000011,8.647964896,7.470625439,2.415755357,2.5,4.6,34.30352813,19.7971201,37.53776168,8.071651244
Harrow,E09000015,10.29884211,6.762850545,1.732567523,2.8,5.3,10.58883562,21.7449091,57.75425005,5.152608345
Havering,E09000016,10.62841438,8.205469751,2.002078211,2.4,5.3,14.19664811,10.63488307,12.343613,4.80766263
Hillingdon,E09000017,9.4565884,6.563941943,1.990739817,2.7,5,16.71622727,18.10226116,39.39058758,5.612988205
Hounslow,E09000018,8.784951783,6.458967463,2.553160102,2.7,4.7,22.8467261,23.39887463,48.61137909,6.873406251
Kingston upon Thames,E09000021,8.301886792,5.376108959,3.053159226,2.5,5.2,11.78836877,22.48935401,25.51605648,3.749273244
Merton,E09000024,8.176050237,5.628139194,3.151465901,2.5,5,14.09652475,24.76351308,35.09737447,4.87194789
Redbridge,E09000026,9.782772341,7.002186615,2.438827506,2.8,5.2,11.39094899,22.86161142,57.46997885,6.121790021
Richmond upon Thames,E09000027,8.45071929,4.886357559,2.574058997,2.3,5.2,12.58971629,21.84505543,14.04620568,3.148994802
Sutton,E09000029,9.623131699,6.375101238,3.047048891,2.4,5.1,14.61099598,15.89914805,21.40302715,4.542430987
Waltham Forest,E09000031,8.23739879,6.92509942,3.218013442,2.6,4.7,22.06873768,25.91548714,47.80270204,8.217961822
Bracknell Forest,E06000036,8.545558942,5.212667285,1.19665199,2.4,5.7,16.73569031,12.49836523,9.408595027,3.025415232
Brighton and Hove,E06000043,8.767270612,7.478902143,4.447918381,2.2,4.6,14.96379793,29.58614448,10.92186751,6.380615435
Isle of Wight,E06000046,11.87574585,10.32365385,5.117459278,2.2,5.5,10.67856266,17.41671441,2.690485662,5.454694278
Medway,E06000035,9.484891541,7.476745287,3.178638345,2.4,5.4,13.17779096,17.09177188,10.36127688,5.7659897
Milton Keynes,E06000042,8.760112691,6.350750138,1.251724418,2.5,5.5,18.01813682,17.31112554,19.98504949,4.666071573
Portsmouth,E06000044,8.356741573,7.348236579,5.397025961,2.3,5.1,18.26424719,24.68381828,11.64267322,6.405531571
Reading,E06000038,7.909542833,5.661601305,3.158949562,2.4,5.1,16.29101783,26.07644467,25.24823697,5.128123559
Slough,E06000039,8.292143647,6.141721051,2.726234094,2.8,4.7,20.63585865,24.32336603,54.3147534,6.931804751
Southampton,E06000045,8.596263118,7.668374972,3.751501211,2.3,4.9,23.27335274,24.8834653,14.08042823,6.767154518
West Berkshire,E06000037,9.288658319,5.371143269,1.883221046,2.4,6,13.84023099,13.72313122,5.180013262,2.932306705
Windsor and Maidenhead,E06000040,9.155368013,5.500830105,1.701828652,2.4,5.9,13.27871943,16.16480145,13.87313226,2.563882843
Wokingham,E06000041,9.005052468,4.703977199,1.246436385,2.5,6.3,7.021149639,11.19638003,11.56561731,1.801697275
Aylesbury Vale,E07000004,9.513199378,5.697238381,1.593522174,2.5,5.9,12.94124427,13.30432527,10.36999604,2.983891883
Chiltern,E07000005,10.43234199,5.455821234,1.098901099,2.5,6.4,12.37752395,8.969847886,8.512981055,2.197802198
South Bucks,E07000006,10.30852289,5.929681308,1.161650449,2.5,6.4,12.31802067,11.35626461,15.70580406,2.187523572
Wycombe,E07000007,9.549416234,5.440912587,1.560542874,2.5,5.7,12.74664387,15.20166222,18.74053273,3.034143322
Eastbourne,E07000061,10.58021164,9.678912003,2.919221541,2.2,5,13.22536213,23.31378299,5.938920855,5.929529903
Hastings,E07000062,10.46158619,10.61559598,4.545785855,2.2,5,14.54845842,28.82237178,6.230194784,8.229062902
Lewes,E07000063,11.79565547,8.688026912,2.278276949,2.3,5.5,10.92672056,14.48045328,3.428647617,4.046845736
Rother,E07000064,12.43100631,10.65372897,2.805978912,2.2,5.7,10.37747389,14.04701911,2.910981587,4.063409741
Wealden,E07000065,11.20572138,7.331699292,1.991192801,2.3,6.1,7.671197907,11.12547067,2.512842897,2.761822707
Basingstoke and Deane,E07000084,9.078123231,5.557840035,1.338815552,2.4,5.8,17.81144053,11.78965592,7.098373649,2.901247926
East Hampshire,E07000085,10.06072244,6.402671095,1.728807821,2.4,6.1,12.02124508,11.67421389,3.436613383,2.626010411
Eastleigh,E07000086,10.16062429,6.612672625,2.112041704,2.4,5.6,12.28702302,12.33876996,5.321128763,2.978323783
Fareham,E07000087,10.64607774,6.764592538,2.314347667,2.4,5.9,8.125979519,9.972305116,3.24607236,2.546211812
Gosport,E07000088,9.895669434,7.752172545,3.703076489,2.3,5.3,16.41264465,16.30539091,3.554743289,4.744566751
Hart,E07000089,8.783627915,4.5291268,1.109546607,2.5,6.3,7.654181921,12.06983948,5.138795821,1.624894396
Havant,E07000090,10.86970932,8.822213384,3.621055914,2.3,5.5,19.56110775,9.914053517,2.918365318,5.741458946
New Forest,E07000091,11.75720552,8.26863574,2.233240932,2.3,5.8,10.98400552,12.09411887,2.437918645,3.081768373
Rushmoor,E07000092,8.261643587,5.596597269,1.661897425,2.5,5.2,16.30805635,17.55172793,15.2302067,4.292317852
Test Valley,E07000093,10.40825444,6.405608344,1.488682652,2.4,6,14.39129887,12.86692143,4.083403495,2.771595347
Winchester,E07000094,9.9249539,5.88532956,1.670756428,2.4,6.1,15.45503041,14.09153953,4.303786612,2.513602902
Ashford,E07000105,10.01983791,7.134863848,1.828949296,2.4,5.8,14.47046268,14.3323498,6.304045576,3.777177894
Canterbury,E07000106,10.30996725,8.221906117,2.186898356,2.3,5.5,12.19167037,19.54221586,6.963511859,4.40999819
Dartford,E07000107,9.468494839,6.800184871,2.519897208,2.4,5.1,14.83745416,15.93024126,12.62774097,4.441006961
Dover,E07000108,11.33119616,9.71846625,2.423928793,2.3,5.4,14.20823846,17.08548955,3.32037896,5.410888015
Gravesham,E07000109,10.13566654,7.66417617,2.480769706,2.5,5.3,17.3332344,16.13613317,17.19819111,5.84947194
Maidstone,E07000110,10.03010126,6.871080229,2.211294466,2.4,5.6,12.71297303,14.58855423,5.895850925,3.921383202
Sevenoaks,E07000111,10.39662991,6.283237447,1.811994896,2.4,6,13.22415993,10.75499787,4.233504217,3.075287112
Folkestone and Hythe,E07000112,11.39771601,9.959340181,3.322146943,2.2,5.4,11.20960763,22.20393001,5.329307486,6.20739146
Swale,E07000113,10.49655832,8.644311113,2.874876316,2.4,5.5,14.28802735,15.19474678,3.445356499,6.194117118
Thanet,E07000114,11.55262099,11.45350484,2.960697663,2.2,5.2,12.66445987,23.77799808,4.465443489,7.314368289
Tonbridge and Malling,E07000115,10.00041389,6.273746948,2.039883673,2.5,5.8,16.12380557,10.1142501,4.083440255,3.442044038
Tunbridge Wells,E07000116,9.16044468,6.060026597,2.545893925,2.4,5.7,15.15241447,16.94789503,5.050022164,3.739347946
Cherwell,E07000177,9.412975442,6.1310514,2.131222677,2.4,5.7,12.11394726,16.22831759,7.829108749,3.44626992
Oxford,E07000178,7.718589127,5.357918713,2.5751693,2.4,5.1,21.35981941,28.23295711,22.34868932,4.948081264
South Oxfordshire,E07000179,9.873600632,5.616839345,1.959189709,2.4,6.1,11.39102469,13.3280349,3.920838392,2.317758391
Vale of White Horse,E07000180,10.28035838,5.819585413,1.681947902,2.4,6.1,13.32402291,13.62762362,5.094720138,2.570485964
West Oxfordshire,E07000181,9.885568673,5.924851354,1.40376032,2.4,5.9,12.45808376,14.85395805,3.159029958,2.347309267
Elmbridge,E07000207,8.887106017,5.117096466,1.377498961,2.4,6.1,9.859793659,15.12792411,9.74364852,2.405426855
Epsom and Ewell,E07000208,9.757396607,5.589731299,1.685468708,2.5,5.7,8.024442654,13.30244427,14.11413811,2.605425732
Guildford,E07000209,9.16731665,5.172652588,1.686028199,2.4,5.8,12.79899209,15.78937617,9.09442132,2.71802568
Mole Valley,E07000210,10.4374817,6.106002928,1.836552417,2.3,6,12.20553757,11.91805292,4.927672035,3.114882215
Reigate and Banstead,E07000211,9.507744767,6.107302209,1.441639752,2.4,5.8,11.917435,12.93506306,9.399644502,2.702848998
Runnymede,E07000212,9.193888958,5.88374115,2.005257688,2.4,5.5,12.86910803,15.2044996,11.02595951,3.11181757
Spelthorne,E07000213,10.29728655,6.421682462,2.012046973,2.4,5.2,12.42913545,12.66450699,12.70214858,3.573597894
Surrey Heath,E07000214,9.163725854,5.158803863,0.998628749,2.5,6.3,9.208251356,12.14153699,9.811478455,2.164192452
Tandridge,E07000215,10.28338032,6.433889973,1.685561754,2.4,6,10.82718493,10.99514126,6.166413649,2.750284926
Waverley,E07000216,9.874806699,5.744743855,1.195211039,2.4,6.2,12.31331169,11.31696429,3.993518244,2.319399351
Woking,E07000217,9.276396702,5.530353435,2.265183571,2.5,5.7,11.91881825,15.67385411,16.40355652,3.339498822
Adur,E07000223,11.35791573,9.139943121,3.212523649,2.2,5.1,13.06896168,11.42189413,4.11722402,4.822495085
Arun,E07000224,11.07157667,9.352720074,2.621953048,2.2,5.4,8.823793962,15.30746859,2.942789497,4.314454472
Chichester,E07000225,10.97333779,7.318487794,2.607928101,2.2,5.9,14.85917188,14.89126946,3.051127476,3.009147809
Crawley,E07000226,9.289192004,6.567727047,1.661712734,2.5,5.2,23.85845016,14.54349709,20.0915598,4.877477941
Horsham,E07000227,10.38986756,5.983960518,2.031935619,2.3,5.9,11.55617865,11.79833585,3.990068621,2.738379185
Mid Sussex,E07000228,9.997139997,5.78006578,1.565956557,2.4,5.8,10.61157658,12.75409779,4.892034892,2.368966538
Worthing,E07000229,10.39659786,8.897171254,3.54136553,2.2,5.1,9.980018706,19.34784457,6.21559633,4.986820849
Bath and North East Somerset,E06000022,9.990569039,6.969252795,2.309732708,2.3,5.7,14.43786982,16.93123852,5.421666212,3.557097191
Bournemouth,E06000028,9.441879983,8.64238573,3.77060723,2.2,4.9,11.17585646,29.96697987,8.008022192,6.261684512
"Bristol, City of",E06000023,9.37291294,8.072689231,2.838350288,2.3,5,20.29198838,23.54511976,16.0290869,6.385330539
Cornwall,E06000052,11.87210323,9.988483353,7.215622274,2.3,5.6,12.00361128,16.75644236,1.770707889,5.323170811
Isles of Scilly,E06000053,9.986382206,4.90240581,26.28918099,2.1,5.3,18.09908999,29.72699697,1.180208806,3.741152679
North Somerset,E06000024,11.0151753,8.557704649,1.842973239,2.3,5.7,9.184263321,16.17418704,2.710227778,4.053180999
Plymouth,E06000026,10.62741825,9.964740389,4.881663571,2.3,5.1,19.29885552,20.15058505,3.851644408,6.921789089
Poole,E06000029,10.98039216,8.154695384,2.345348654,2.3,5.4,11.52841177,16.17346136,4.146432321,3.927278451
South Gloucestershire,E06000025,10.5184441,6.790045934,1.711952984,2.4,5.7,9.887667615,13.57659618,5.020797893,3.089140583
Swindon,E06000030,9.313622368,6.998603913,2.180851064,2.4,5.4,16.27659574,16.03553644,10.16370556,4.799683115
Torbay,E06000027,12.29926924,11.83576539,4.956786985,2.2,5.2,8.069818675,23.20962549,2.489328721,7.083545162
Wiltshire,E06000054,10.10826339,6.668634191,2.101506741,2.4,6,14.72290596,15.43199069,3.399287869,3.196803197
East Devon,E07000040,11.96161773,8.919120922,3.873305006,2.2,5.8,9.336222512,13.6124325,1.592969794,3.126745781
Exeter,E07000041,9.332359709,7.646913979,5.318630437,2.3,5.2,17.03017749,20.99021161,6.948112046,5.363307745
Mid Devon,E07000042,10.87073955,7.449517685,5.57421088,2.3,5.9,12.62287075,15.54124183,1.35562701,4.008181208
North Devon,E07000043,11.04230946,8.733065007,5.244868878,2.3,5.7,10.78973026,18.3520412,2.055152829,4.63238419
South Hams,E07000044,12.30334376,8.194611499,5.024689348,2.2,5.8,11.38151826,14.26827283,1.630983883,3.244885778
Teignbridge,E07000045,12.09064563,9.285139269,5.036757217,2.2,5.7,8.912467826,15.47691795,1.655933022,4.129400219
Torridge,E07000046,11.91904635,9.580350569,6.417494462,2.2,5.8,9.018795112,16.95847924,1.281348392,4.938183377
West Devon,E07000047,11.94517581,8.550408007,5.592959296,2.3,6,9.496149615,15.00110011,1.536795324,3.96479648
Christchurch,E07000048,12.53978891,9.693834813,1.923166473,2.2,5.3,12.96391153,10.80791618,2.431311778,3.860302678
East Dorset,E07000049,12.49913957,8.205034073,1.669151315,2.3,6,8.305824726,9.240230007,1.744946424,2.369289746
North Dorset,E07000050,10.60612688,7.138795328,2.47296826,2.3,5.9,13.48099058,14.27973491,2.341688173,3.121730031
Purbeck,E07000051,12.65648278,8.23160563,2.874942552,2.3,5.6,12.49042537,15.34494204,1.407511173,3.48771894
West Dorset,E07000052,12.04464861,8.709098968,3.656558374,2.2,5.8,13.87599694,13.7273014,1.994680851,3.273554724
Weymouth and Portland,E07000053,11.53497936,9.690487517,3.935517785,2.2,5.3,13.64639916,17.77816716,2.588733561,5.638689329
Cheltenham,E07000078,9.101199323,6.551342757,2.982583597,2.2,5.4,12.22682558,21.45143239,5.74430581,3.834750339
Cotswold,E07000079,10.55730505,6.535876739,2.213268573,2.2,6.1,14.86919086,15.2279501,2.179027763,2.411966001
Forest of Dean,E07000080,11.79585413,8.863971889,2.479000205,2.3,5.9,12.40085463,11.22428074,1.539756714,4.129715808
Gloucester,E07000081,9.963184538,7.630168957,3.272243512,2.4,5.4,13.33121538,17.38379366,10.86877917,5.214145305
Stroud,E07000082,11.39130512,7.158247546,2.39988283,2.3,5.9,12.7568314,12.11658367,2.08638133,3.042222873
Tewkesbury,E07000083,10.64398423,6.919444004,2.690314866,2.3,5.9,11.92848602,12.38683596,2.49197613,2.878209873
Mendip,E07000187,10.83282241,7.69315239,2.79697554,2.3,5.8,11.85735641,15.46027688,2.033327538,3.735078103
Sedgemoor,E07000188,11.3441198,8.794114567,3.905657671,2.3,5.8,12.19442225,14.57552099,1.626697385,4.827769923
South Somerset,E07000189,10.84140087,7.875690728,3.615775313,2.3,5.8,13.95231723,13.34081524,1.930626446,3.56109984
Taunton Deane,E07000190,10.59199361,8.272300725,3.086959302,2.3,5.7,15.60747863,15.4070821,2.787080146,3.662566355
West Somerset,E07000191,12.66906994,10.64167267,5.299878384,2.1,5.8,14.64507457,16.06605646,1.289113194,4.60218908
,,,,,,,,,1.764849249,
,,,,,,,,,3.529054597,
,,,,,,,,,2.32495574,
,,,,,,,,,2.645784881,
,,,,,,,,,1.537644421,
,,,,,,,,,3.112485539,
,,,,,,,,,1.616081097,
,,,,,,,,,3.265193225,
,,,,,,,,,1.893187628,
,,,,,,,,,1.879451727,
,,,,,,,,,5.993565473,
,,,,,,,,,1.949045862,
,,,,,,,,,2.218741468,
,,,,,,,,,3.560347011,
,,,,,,,,,15.30700107,
,,,,,,,,,2.631713664,
,,,,,,,,,2.399578246,
,,,,,,,,,1.655984699,
,,,,,,,,,1.524049618,
,,,,,,,,,2.024704914,
,,,,,,,,,1.967740876,
,,,,,,,,,10.09428007,
